ID,Type,SKU,Name,Published,Is featured?,Visibility in catalog,Short description,Description,Tax status,Tax class,In stock?,Stock,Backorders allowed?,Sold individually?,Weight (kg),Length (cm),Width (cm),Height (cm),Allow customer reviews?,Purchase note,Sale price,Regular price,Categories,Tags,Shipping class,Images,Download limit,Download expiry days,Parent,Grouped products,Upsells,Cross-sells,External URL,Button text,Position,meta:_source_product_id,meta:_source_url,meta:_source_image_urls,meta:_s3_media_paths
,simple,6535167915,Princess Cut 1.33 CARAT D COLOR IF Clarity Lab Grown Diamond,,,,,Buy 1.33 Carat Princess gray IF Ideal Diamond. GIA Certified. SKU: 6535167915. Price: $630.00. In Stock.,,,1,,,1,,,,,,,2171,2895,,white-diamond,,,,,,,,,,,,2297266,https://www.loosegrowndiamond.com/diamond/6535167915/,https://www.loosegrowndiamond.com/wp-content/uploads/2021/10/princess.png,products/2308537/princess-7cc996821bc8.png
,simple,735527992,Cushion Cut 5.51 CARAT E COLOR VVS1 Clarity Lab Grown Diamond,,,,,,,,1,,,1,,,,,,,6136,8181,,white-diamond,,,,,,,,,,,,2297267,https://www.loosegrowndiamond.com/product/cushion-cut-5-51-carat-e-color-vvs1-clarity-lab-grown-diamond-735527992/,https://www.loosegrowndiamond.com/wp-content/uploads/2021/10/cushion.png,products/2316559/cushion-1f305250daae.png
,simple,766665305,Oval Cut 10.00 CARAT F COLOR VS1 Clarity Lab Grown Diamond,,,,,,,,1,,,1,,,,,,,3761,5015,,white-diamond,,,,,,,,,,,,2297403,https://www.loosegrowndiamond.com/product/oval-cut-10-00-carat-f-color-vs1-clarity-lab-grown-diamond-766665305/,https://www.loosegrowndiamond.com/wp-content/uploads/2021/10/oval.png,products/2316140/oval-988a448bf884.png
,simple,727518510,Oval Cut 4.03 CARAT D COLOR VS2 Clarity Lab Grown Diamond,,,,,,,,1,,,1,,,,,,,1393,1857,,white-diamond,,,,,,,,,,,,2297408,https://www.loosegrowndiamond.com/product/oval-cut-4-03-carat-d-color-vs2-clarity-lab-grown-diamond-727518510/,https://www.loosegrowndiamond.com/wp-content/uploads/2021/10/oval.png,products/2316140/oval-988a448bf884.png
,simple,715598275,Round Cut 0.55 CARAT D COLOR IF Clarity Lab Grown Diamond,,,,,,,,1,,,1,,,,,,,279,372,,white-diamond,,,,,,,,,,,,2297541,https://www.loosegrowndiamond.com/product/round-cut-0-55-carat-d-color-if-clarity-lab-grown-diamond-715598275/,https://www.loosegrowndiamond.com/wp-content/uploads/2021/10/round.png,products/2314107/round-bbb6e144f022.png
,simple,782601630,Pear Cut 2.55 CARAT E COLOR VS1 Clarity Lab Grown Diamond,,,,,,,,1,,,1,,,,,,,802,1069,,white-diamond,,,,,,,,,,,,2297542,https://www.loosegrowndiamond.com/product/pear-cut-2-55-carat-e-color-vs1-clarity-lab-grown-diamond-782601630/,https://www.loosegrowndiamond.com/wp-content/uploads/2021/10/pear.png,products/2312051/pear-faeb574d4b0d.png
,simple,756514718,Oval Cut 2.49 CARAT E COLOR VS1 Clarity Lab Grown Diamond,,,,,,,,1,,,1,,,,,,,971,1295,,white-diamond,,,,,,,,,,,,2297661,https://www.loosegrowndiamond.com/product/oval-cut-2-49-carat-e-color-vs1-clarity-lab-grown-diamond-756514718/,https://www.loosegrowndiamond.com/wp-content/uploads/2021/10/oval.png,products/2316140/oval-988a448bf884.png
,simple,774632864,Radiant Cut 4.03 CARAT E COLOR VS1 Clarity Lab Grown Diamond,,,,,,,,1,,,1,,,,,,,1266,1688,,white-diamond,,,,,,,,,,,,2297662,https://www.loosegrowndiamond.com/product/radiant-cut-4-03-carat-e-color-vs1-clarity-lab-grown-diamond-774632864/,https://www.loosegrowndiamond.com/wp-content/uploads/2021/10/radiant.png,products/2316973/radiant-bbe6f8deda10.png
,simple,761569323,Oval Cut 1.60 CARAT G COLOR VVS2 Clarity Lab Grown Diamond,,,,,,,,1,,,1,,,,,,,482,643,,white-diamond,,,,,,,,,,,,2297780,https://www.loosegrowndiamond.com/product/oval-cut-1-60-carat-g-color-vvs2-clarity-lab-grown-diamond-761569323/,https://www.loosegrowndiamond.com/wp-content/uploads/2021/10/oval.png,products/2316140/oval-988a448bf884.png
,simple,750569394,Radiant Cut 2.54 CARAT D COLOR VVS2 Clarity Lab Grown Diamond,,,,,,,,1,,,1,,,,,,,1060,1413,,white-diamond,,,,,,,,,,,,2297781,https://www.loosegrowndiamond.com/product/radiant-cut-2-54-carat-d-color-vvs2-clarity-lab-grown-diamond-750569394/,https://www.loosegrowndiamond.com/wp-content/uploads/2021/10/radiant.png,products/2316973/radiant-bbe6f8deda10.png
,simple,762552906,Emerald Cut 4.76 CARAT D COLOR VVS2 Clarity Lab Grown Diamond,,,,,Buy 4.76 Carat Emerald gray VVS2 Ideal Diamond. IGI Certified. SKU: 762552906. Price: $877.00. In Stock.,,,1,,,1,,,,,,,3209,4279,,white-diamond,,,,,,,,,,,,2297928,https://www.loosegrowndiamond.com/diamond/762552906/,https://www.loosegrowndiamond.com/wp-content/uploads/2021/10/emerald.png,products/2315081/emerald-392697f0e8d7.png
,simple,792668209,Emerald Cut 4.75 CARAT E COLOR VVS2 Clarity Lab Grown Diamond,,,,,Buy 4.75 Carat Emerald black VVS2 Ideal Diamond. IGI Certified. SKU: 792668209. Price: $607.00. In Stock.,,,1,,,1,,,,,,,2318,3091,,white-diamond,,,,,,,,,,,,2297929,https://www.loosegrowndiamond.com/diamond/792668209/,https://www.loosegrowndiamond.com/wp-content/uploads/2021/10/emerald.png,products/2315081/emerald-392697f0e8d7.png
,simple,729511078,Marquise Cut 2.99 CARAT E COLOR VVS2 Clarity Lab Grown Diamond,,,,,,,,1,,,1,,,,,,,1418,1891,,white-diamond,,,,,,,,,,,,2298047,https://www.loosegrowndiamond.com/product/marquise-cut-2-99-carat-e-color-vvs2-clarity-lab-grown-diamond-729511078/,https://www.loosegrowndiamond.com/wp-content/uploads/2021/10/marquise.png,products/2316851/marquise-58d8d8a5cdc4.png
,simple,792613190,Oval Cut 3.56 CARAT F COLOR VVS2 Clarity Lab Grown Diamond,,,,,,,,1,,,1,,,,,,,1677,2236,,white-diamond,,,,,,,,,,,,2298048,https://www.loosegrowndiamond.com/product/oval-cut-3-56-carat-f-color-vvs2-clarity-lab-grown-diamond-792613190/,https://www.loosegrowndiamond.com/wp-content/uploads/2021/10/oval.png,products/2316140/oval-988a448bf884.png
,simple,729535414,Pear Cut 2.91 CARAT E COLOR VVS2 Clarity Lab Grown Diamond,,,,,,,,1,,,1,,,,,,,1148,1531,,white-diamond,,,,,,,,,,,,2298167,https://www.loosegrowndiamond.com/product/pear-cut-2-91-carat-e-color-vvs2-clarity-lab-grown-diamond-729535414/,https://www.loosegrowndiamond.com/wp-content/uploads/2021/10/pear.png,products/2312051/pear-faeb574d4b0d.png
,simple,2231743981,Round Cut 2.79 CARAT E COLOR VVS2 Clarity Lab Grown Diamond,,,,,Buy 2.79 Carat Round black VVS2 Excellent Diamond. GIA Certified. SKU: 2231743981. Price: $594.00. In Stock.,,,1,,,1,,,,,,,2069,2759,,white-diamond,,,,,,,,,,,,2298168,https://www.loosegrowndiamond.com/diamond/2231743981/,https://www.loosegrowndiamond.com/wp-content/uploads/2021/10/round.png,products/2314107/round-bbb6e144f022.png
,simple,582349982,Oval Cut 5.38 CARAT F COLOR VS1 Clarity Lab Grown Diamond,,,,,,,,1,,,1,,,,,,,1774,2365,,white-diamond,,,,,,,,,,,,2298306,https://www.loosegrowndiamond.com/product/oval-cut-5-38-carat-f-color-vs1-clarity-lab-grown-diamond-582349982/,https://www.loosegrowndiamond.com/wp-content/uploads/2021/10/oval.png,products/2316140/oval-988a448bf884.png
,simple,764629545,Cushion Cut 3.74 CARAT E COLOR VVS2 Clarity Lab Grown Diamond,,,,,,,,1,,,1,,,,,,,1891,2521,,white-diamond,,,,,,,,,,,,2298307,https://www.loosegrowndiamond.com/product/cushion-cut-3-74-carat-e-color-vvs2-clarity-lab-grown-diamond-764629545/,https://www.loosegrowndiamond.com/wp-content/uploads/2021/10/cushion.png,products/2316559/cushion-1f305250daae.png
,simple,769601740,Pear Cut 3.04 CARAT G COLOR VS1 Clarity Lab Grown Diamond,,,,,,,,1,,,1,,,,,,,860,1147,,white-diamond,,,,,,,,,,,,2298418,https://www.loosegrowndiamond.com/product/pear-cut-3-04-carat-g-color-vs1-clarity-lab-grown-diamond-769601740/,https://www.loosegrowndiamond.com/wp-content/uploads/2021/10/pear.png,products/2312051/pear-faeb574d4b0d.png
,simple,727512587,Pear Cut 3.08 CARAT F COLOR VS1 Clarity Lab Grown Diamond,,,,,,,,1,,,1,,,,,,,980,1307,,white-diamond,,,,,,,,,,,,2298419,https://www.loosegrowndiamond.com/product/pear-cut-3-08-carat-f-color-vs1-clarity-lab-grown-diamond-727512587/,https://www.loosegrowndiamond.com/wp-content/uploads/2021/10/pear.png,products/2312051/pear-faeb574d4b0d.png
,simple,772614106,Oval Cut 0.99 CARAT E COLOR VS1 Clarity Lab Grown Diamond,,,,,Buy 0.99 Carat Oval black VS1 Ideal Diamond. IGI Certified. SKU: 772614106. Price: $73.00. In Stock.,,,1,,,1,,,,,,,431,575,,white-diamond,,,,,,,,,,,,2298558,https://www.loosegrowndiamond.com/diamond/772614106/,https://www.loosegrowndiamond.com/wp-content/uploads/2021/10/oval.png,products/2316140/oval-988a448bf884.png
,simple,758516843,Marquise Cut 4.06 CARAT F COLOR VS1 Clarity Lab Grown Diamond,,,,,Buy 4.06 Carat Marquise brown VS1 Ideal Diamond. IGI Certified. SKU: 758516843. Price: $526.00. In Stock.,,,1,,,1,,,,,,,1517,2023,,white-diamond,,,,,,,,,,,,2298559,https://www.loosegrowndiamond.com/diamond/758516843/,https://www.loosegrowndiamond.com/wp-content/uploads/2021/10/marquise.png,products/2316851/marquise-58d8d8a5cdc4.png
,simple,790651454,Radiant Cut 2.60 CARAT E COLOR VVS2 Clarity Lab Grown Diamond,,,,,,,,1,,,1,,,,,,,907,1209,,white-diamond,,,,,,,,,,,,2298668,https://www.loosegrowndiamond.com/product/radiant-cut-2-60-carat-e-color-vvs2-clarity-lab-grown-diamond-790651454/,https://www.loosegrowndiamond.com/wp-content/uploads/2021/10/radiant.png,products/2316973/radiant-bbe6f8deda10.png
,simple,713563923,Oval Cut 2.59 CARAT D COLOR VVS1 Clarity Lab Grown Diamond,,,,,Buy 2.59 Carat Oval gray VVS1 Ideal Diamond. IGI Certified. SKU: 713563923. Price: $623.00. In Stock.,,,1,,,1,,,,,,,2432,3243,,white-diamond,,,,,,,,,,,,2298669,https://www.loosegrowndiamond.com/diamond/713563923/,https://www.loosegrowndiamond.com/wp-content/uploads/2021/10/oval.png,products/2316140/oval-988a448bf884.png
,simple,742507915,Emerald Cut 6.07 CARAT F COLOR VS1 Clarity Lab Grown Diamond,,,,,Buy 6.07 Carat Emerald brown VS1 Ideal Diamond. IGI Certified. SKU: 742507915. Price: $662.00. In Stock.,,,1,,,1,,,,,,,2673,3564,,white-diamond,,,,,,,,,,,,2298805,https://www.loosegrowndiamond.com/diamond/742507915/,https://www.loosegrowndiamond.com/wp-content/uploads/2021/10/emerald.png,products/2315081/emerald-392697f0e8d7.png
,simple,781605111,Oval Cut 1.80 CARAT G COLOR VS1 Clarity Lab Grown Diamond,,,,,,,,1,,,1,,,,,,,593,791,,white-diamond,,,,,,,,,,,,2298807,https://www.loosegrowndiamond.com/product/oval-cut-1-80-carat-g-color-vs1-clarity-lab-grown-diamond-781605111/,https://www.loosegrowndiamond.com/wp-content/uploads/2021/10/oval.png,products/2316140/oval-988a448bf884.png
,simple,LGD14-6608,Old mine Cut 2.10 CARAT E COLOR VS1 Clarity Lab Grown Diamond,,,,,,,,0,,,1,,,,,,,0,0,,white-diamond,,,,,,,,,,,,2298944,https://www.loosegrowndiamond.com/product/old-mine-cut-2-10-carat-e-color-vs1-clarity-lab-grown-diamond-lgd14-6608/,https://www.loosegrowndiamond.com/wp-content/uploads/2022/06/old-mine.png,products/2311026/old-mine-71a620778361.png
,simple,LGD14-7642,Radiant Cut 5.32 CARAT K COLOR VS2 Clarity Lab Grown Diamond,,,,,Buy 5.32 Carat Radiant  purple VS2 Ideal Diamond. IGI Certified. SKU: LGD14-7642. Price: $929.00. In Stock.,,,1,,,1,,,,,,,1327,1327,,white-diamond,,,,,,,,,,,,2298945,https://www.loosegrowndiamond.com/diamond/LGD14-7642/,https://www.loosegrowndiamond.com/wp-content/uploads/2021/10/radiant.png,products/2316973/radiant-bbe6f8deda10.png
,simple,780612603,Radiant Cut 4.00 CARAT E COLOR VS2 Clarity Lab Grown Diamond,,,,,,,,1,,,1,,,,,,,2176,2176,,white-diamond,,,,,,,,,,,,2299076,https://www.loosegrowndiamond.com/product/radiant-cut-4-00-carat-e-color-vs2-clarity-lab-grown-diamond-780612603/,https://www.loosegrowndiamond.com/wp-content/uploads/2021/10/radiant.png,products/2316973/radiant-bbe6f8deda10.png
,simple,795652012,Radiant Cut 4.26 CARAT E COLOR VS1 Clarity Lab Grown Diamond,,,,,,,,1,,,1,,,,,,,2714,2714,,white-diamond,,,,,,,,,,,,2299077,https://www.loosegrowndiamond.com/product/radiant-cut-4-26-carat-e-color-vs1-clarity-lab-grown-diamond-795652012/,https://www.loosegrowndiamond.com/wp-content/uploads/2021/10/radiant.png,products/2316973/radiant-bbe6f8deda10.png
,simple,LGD14-6610,Asscher Cut 1.52 CARAT I COLOR VVS2 Clarity Lab Grown Diamond,,,,,Buy 1.52 Carat ASSCHER blue VVS2 Ideal Diamond. IGI Certified. SKU: LGD14-6610. Price: $503.00. In Stock.,,,1,,,1,,,,,,,719,719,,white-diamond,,,,,,,,,,,,2299274,https://www.loosegrowndiamond.com/diamond/LGD14-6610/,https://www.loosegrowndiamond.com/wp-content/uploads/2021/10/asscher.png,products/2311682/asscher-75d542b0e4dd.png
,simple,LGD14-23862,Oval Cut 2.04 CARAT D COLOR VS1 Clarity Lab Grown Diamond,,,,,,,,0,,,1,,,,,,,670,670,,white-diamond,,,,,,,,,,,,2299275,https://www.loosegrowndiamond.com/product/oval-cut-2-04-carat-d-color-vs1-clarity-lab-grown-diamond-lgd14-23862/,https://www.loosegrowndiamond.com/wp-content/uploads/2021/10/oval.png,products/2316140/oval-988a448bf884.png
,simple,791631373,Cushion Cut 7.06 CARAT F COLOR VVS2 Clarity Lab Grown Diamond,,,,,,,,1,,,1,,,,,,,4716,4716,,white-diamond,,,,,,,,,,,,2299395,https://www.loosegrowndiamond.com/product/cushion-cut-7-06-carat-f-color-vvs2-clarity-lab-grown-diamond-791631373/,https://www.loosegrowndiamond.com/wp-content/uploads/2021/10/cushion.png,products/2316559/cushion-1f305250daae.png
,simple,794634962,Oval Cut 2.52 CARAT E COLOR VVS2 Clarity Lab Grown Diamond,,,,,,,,1,,,1,,,,,,,1319,1319,,white-diamond,,,,,,,,,,,,2299396,https://www.loosegrowndiamond.com/product/oval-cut-2-52-carat-e-color-vvs2-clarity-lab-grown-diamond-794634962/,https://www.loosegrowndiamond.com/wp-content/uploads/2021/10/oval.png,products/2316140/oval-988a448bf884.png
,simple,762578660,Round Cut 3.22 CARAT F COLOR VVS2 Clarity Lab Grown Diamond,,,,,,,,1,,,1,,,,,,,1427,1427,,white-diamond,,,,,,,,,,,,2299526,https://www.loosegrowndiamond.com/product/round-cut-3-22-carat-f-color-vvs2-clarity-lab-grown-diamond-762578660/,https://www.loosegrowndiamond.com/wp-content/uploads/2021/10/round.png,products/2314107/round-bbb6e144f022.png
,simple,LGD14-30434,Oval Cut 2.72 CARAT E COLOR VVS1 Clarity Lab Grown Diamond,,,,,,,,0,,,1,,,,,,,1107,1107,,white-diamond,,,,,,,,,,,,2299527,https://www.loosegrowndiamond.com/product/oval-cut-2-72-carat-e-color-vvs1-clarity-lab-grown-diamond-lgd14-30434/,https://www.loosegrowndiamond.com/wp-content/uploads/2021/10/oval.png,products/2316140/oval-988a448bf884.png
,simple,792693163,Round Cut 1.35 CARAT D COLOR VVS2 Clarity Lab Grown Diamond,,,,,,,,1,,,1,,,,,,,461,461,,white-diamond,,,,,,,,,,,,2299629,https://www.loosegrowndiamond.com/product/round-cut-1-35-carat-d-color-vvs2-clarity-lab-grown-diamond-792693163/,https://www.loosegrowndiamond.com/wp-content/uploads/2021/10/round.png,products/2314107/round-bbb6e144f022.png
,simple,804674405,Old mine Cut 3.39 CARAT E COLOR VS1 Clarity Lab Grown Diamond,,,,,,,,1,,,1,,,,,,,2779,2779,,white-diamond,,,,,,,,,,,,2299630,https://www.loosegrowndiamond.com/product/old-mine-cut-3-39-carat-e-color-vs1-clarity-lab-grown-diamond-804674405/,https://www.loosegrowndiamond.com/wp-content/uploads/2022/06/old-mine.png,products/2311026/old-mine-71a620778361.png
,simple,360246017,Round Cut 2.17 CARAT D COLOR IF Clarity Lab Grown Diamond,,,,,Buy 2.17 Carat Round gray IF Ideal Diamond. GCAL Certified. SKU: 360246017. Price: $849.00. In Stock.,,,1,,,1,,,,,,,4217,4217,,white-diamond,,,,,,,,,,,,2299745,https://www.loosegrowndiamond.com/diamond/360246017/,https://www.loosegrowndiamond.com/wp-content/uploads/2021/10/round.png,products/2314107/round-bbb6e144f022.png
,simple,780647633,Oval Cut 3.58 CARAT F COLOR VVS2 Clarity Lab Grown Diamond,,,,,,,,1,,,1,,,,,,,2426,2426,,white-diamond,,,,,,,,,,,,2299746,https://www.loosegrowndiamond.com/product/oval-cut-3-58-carat-f-color-vvs2-clarity-lab-grown-diamond-780647633/,https://www.loosegrowndiamond.com/wp-content/uploads/2021/10/oval.png,products/2316140/oval-988a448bf884.png
,simple,728539832,Asscher Cut 2.55 CARAT D COLOR VVS1 Clarity Lab Grown Diamond,,,,,Buy 2.55 Carat Asscher gray VVS1 Ideal Diamond. IGI Certified. SKU: 728539832. Price: $460.00. In Stock.,,,1,,,1,,,,,,,2657,2657,,white-diamond,,,,,,,,,,,,2299881,https://www.loosegrowndiamond.com/diamond/728539832/,https://www.loosegrowndiamond.com/wp-content/uploads/2021/10/asscher.png,products/2311682/asscher-75d542b0e4dd.png
,simple,784658485,Round Cut 1.49 CARAT D COLOR VS1 Clarity Lab Grown Diamond,,,,,,,,1,,,1,,,,,,,639,639,,white-diamond,,,,,,,,,,,,2299998,https://www.loosegrowndiamond.com/product/round-cut-1-49-carat-d-color-vs1-clarity-lab-grown-diamond-784658485/,https://www.loosegrowndiamond.com/wp-content/uploads/2021/10/round.png,products/2314107/round-bbb6e144f022.png
,simple,735560103,Emerald Cut 1.93 CARAT F COLOR VVS2 Clarity Lab Grown Diamond,,,,,Buy 1.93 Carat Emerald brown VVS2 Ideal Diamond. IGI Certified. SKU: 735560103. Price: $183.00. In Stock.,,,1,,,1,,,,,,,761,761,,white-diamond,,,,,,,,,,,,2300226,https://www.loosegrowndiamond.com/diamond/735560103/,https://www.loosegrowndiamond.com/wp-content/uploads/2021/10/emerald.png,products/2315081/emerald-392697f0e8d7.png
,simple,687529990,Round Cut 5.08 CARAT F COLOR VVS1 Clarity Lab Grown Diamond,,,,,,,,0,,,1,,,,,,,2780,2780,,white-diamond,,,,,,,,,,,,2300356,https://www.loosegrowndiamond.com/product/round-cut-5-08-carat-f-color-vvs1-clarity-lab-grown-diamond-687529990/,https://www.loosegrowndiamond.com/wp-content/uploads/2021/10/round.png,products/2314107/round-bbb6e144f022.png
,simple,776607349,Oval Cut 3.56 CARAT G COLOR VVS2 Clarity Lab Grown Diamond,,,,,,,,1,,,1,,,,,,,881,881,,white-diamond,,,,,,,,,,,,2300662,https://www.loosegrowndiamond.com/product/oval-cut-3-56-carat-g-color-vvs2-clarity-lab-grown-diamond-776607349/,https://www.loosegrowndiamond.com/wp-content/uploads/2021/10/oval.png,products/2316140/oval-988a448bf884.png
,simple,794641291,Radiant Cut 1.89 CARAT D COLOR VVS2 Clarity Lab Grown Diamond,,,,,Buy 1.89 Carat Radiant gray VVS2 Ideal Diamond. IGI Certified. SKU: 794641291. Price: $180.00. In Stock.,,,1,,,1,,,,,,,657,657,,white-diamond,,,,,,,,,,,,2300799,https://www.loosegrowndiamond.com/diamond/794641291/,https://www.loosegrowndiamond.com/wp-content/uploads/2021/10/radiant.png,products/2316973/radiant-bbe6f8deda10.png
,simple,LGD14-13993,Oval Cut 1.00 CARAT D COLOR VVS2 Clarity Lab Grown Diamond,,,,,Buy 1.00 Carat OVAL gray VVS2 Ideal Diamond. IGI Certified. SKU: LGD14-13993. Price: $215.00. In Stock.,,,1,,,1,,,,,,,307,307,,white-diamond,,,,,,,,,,,,2301127,https://www.loosegrowndiamond.com/diamond/LGD14-13993/,https://www.loosegrowndiamond.com/wp-content/uploads/2021/10/oval.png,products/2316140/oval-988a448bf884.png
,simple,794697752,Marquise Cut 1.51 CARAT yellow COLOR VVS2 Clarity Lab Grown Diamond,,,,,Buy 1.51 Carat Marquise 1 1 VVS2 Ideal Diamond. IGI Certified. SKU: 794697752. Price: $276.00. In Stock.,,,1,,,0,,,,,,,1199,1199,,color-diamond,,,,,,,,,,,,2301234,https://www.loosegrowndiamond.com/diamond/794697752/,https://www.loosegrowndiamond.com/wp-content/uploads/2021/10/marquise_yellow.png,products/2301234/marquise_yellow-61337960be02.png
,simple,768632437,Oval Cut 2.38 CARAT D COLOR IF Clarity Lab Grown Diamond,,,,,,,,1,,,1,,,,,,,2186,2186,,white-diamond,,,,,,,,,,,,2301355,https://www.loosegrowndiamond.com/product/oval-cut-2-38-carat-d-color-if-clarity-lab-grown-diamond-768632437/,https://www.loosegrowndiamond.com/wp-content/uploads/2021/10/oval.png,products/2316140/oval-988a448bf884.png
,simple,770624240,Round Cut 3.07 CARAT E COLOR VVS1 Clarity Lab Grown Diamond,,,,,Buy 3.07 Carat Round black VVS1 Ideal Diamond. IGI Certified. SKU: 770624240. Price: $553.00. In Stock.,,,1,,,1,,,,,,,2411,2411,,white-diamond,,,,,,,,,,,,2301468,https://www.loosegrowndiamond.com/diamond/770624240/,https://www.loosegrowndiamond.com/wp-content/uploads/2021/10/round.png,products/2314107/round-bbb6e144f022.png
,simple,780679113,Old mine Cut 2.01 CARAT E COLOR VS1 Clarity Lab Grown Diamond,,,,,Buy 2.01 Carat Pear black VS1 Ideal Diamond. IGI Certified. SKU: 780679113. Price: $317.00. In Stock.,,,1,,,1,,,,,,,946,946,,white-diamond,,,,,,,,,,,,2301582,https://www.loosegrowndiamond.com/diamond/780679113/,https://www.loosegrowndiamond.com/wp-content/uploads/2022/06/old-mine.png,products/2311026/old-mine-71a620778361.png
,simple,LGD14-11078,Oval Cut 2.47 CARAT D COLOR VVS1 Clarity Lab Grown Diamond,,,,,,,,0,,,1,,,,,,,1640,1640,,white-diamond,,,,,,,,,,,,2301703,https://www.loosegrowndiamond.com/product/oval-cut-2-47-carat-d-color-vvs1-clarity-lab-grown-diamond-lgd14-11078/,https://www.loosegrowndiamond.com/wp-content/uploads/2021/10/oval.png,products/2316140/oval-988a448bf884.png
,simple,233035266,Radiant Cut 3.00 CARAT F COLOR VS1 Clarity Lab Grown Diamond,,,,,,,,1,,,1,,,,,,,789,789,,white-diamond,,,,,,,,,,,,2301856,https://www.loosegrowndiamond.com/product/radiant-cut-3-00-carat-f-color-vs1-clarity-lab-grown-diamond-233035266/,https://www.loosegrowndiamond.com/wp-content/uploads/2021/10/radiant.png,products/2316973/radiant-bbe6f8deda10.png
,simple,807690263,Radiant Cut 3.50 CARAT E COLOR VS2 Clarity Lab Grown Diamond,,,,,,,,1,,,1,,,,,,,1163,1163,,white-diamond,,,,,,,,,,,,2302156,https://www.loosegrowndiamond.com/product/radiant-cut-3-50-carat-e-color-vs2-clarity-lab-grown-diamond-807690263/,https://www.loosegrowndiamond.com/wp-content/uploads/2021/10/radiant.png,products/2316973/radiant-bbe6f8deda10.png
,simple,648497681,Princess Cut 1.07 CARAT pink COLOR VS1 Clarity Lab Grown Diamond,,,,,Buy 1.07 Carat Princess 3 2 VS1 Ideal Diamond. IGI Certified. SKU: 648497681. Price: $154.00. In Stock.,,,1,,,0,,,,,,,833,833,,color-diamond,,,,,,,,,,,,2302281,https://www.loosegrowndiamond.com/diamond/648497681/,https://www.loosegrowndiamond.com/wp-content/uploads/2021/10/princess_pink.png,products/2302281/princess_pink-682216c71d9a.png
,simple,770617303,Round Cut 2.03 CARAT D COLOR VVS2 Clarity Lab Grown Diamond,,,,,Buy 2.03 Carat Round gray VVS2 Ideal Diamond. IGI Certified. SKU: 770617303. Price: $221.00. In Stock.,,,1,,,1,,,,,,,747,747,,white-diamond,,,,,,,,,,,,2302415,https://www.loosegrowndiamond.com/diamond/770617303/,https://www.loosegrowndiamond.com/wp-content/uploads/2021/10/round.png,products/2314107/round-bbb6e144f022.png
,simple,651477368,Cushion Cut 2.03 CARAT E COLOR VVS1 Clarity Lab Grown Diamond,,,,,Buy 2.03 Carat Cushion black VVS1 Ideal Diamond. IGI Certified. SKU: 651477368. Price: $376.00. In Stock.,,,1,,,1,,,,,,,1266,1266,,white-diamond,,,,,,,,,,,,2302536,https://www.loosegrowndiamond.com/diamond/651477368/,https://www.loosegrowndiamond.com/wp-content/uploads/2021/10/cushion.png,products/2316559/cushion-1f305250daae.png
,simple,773639308,Oval Cut 2.55 CARAT D COLOR IF Clarity Lab Grown Diamond,,,,,Buy 2.55 Carat Oval gray IF Ideal Diamond. IGI Certified. SKU: 773639308. Price: $724.00. In Stock.,,,1,,,1,,,,,,,2370,2370,,white-diamond,,,,,,,,,,,,2302714,https://www.loosegrowndiamond.com/diamond/773639308/,https://www.loosegrowndiamond.com/wp-content/uploads/2021/10/oval.png,products/2316140/oval-988a448bf884.png
,simple,768683031,Emerald Cut 3.02 CARAT F COLOR VVS2 Clarity Lab Grown Diamond,,,,,,,,1,,,1,,,,,,,887,887,,white-diamond,,,,,,,,,,,,2302949,https://www.loosegrowndiamond.com/product/emerald-cut-3-02-carat-f-color-vvs2-clarity-lab-grown-diamond-768683031/,https://www.loosegrowndiamond.com/wp-content/uploads/2021/10/emerald.png,products/2315077/emerald-392697f0e8d7.png
,simple,772630361,Oval Cut 2.92 CARAT D COLOR VVS1 Clarity Lab Grown Diamond,,,,,,,,1,,,1,,,,,,,1826,1826,,white-diamond,,,,,,,,,,,,2302950,https://www.loosegrowndiamond.com/product/oval-cut-2-92-carat-d-color-vvs1-clarity-lab-grown-diamond-772630361/,https://www.loosegrowndiamond.com/wp-content/uploads/2021/10/oval.png,products/2316971/oval-988a448bf884.png
,simple,807633544,Emerald Cut 2.81 CARAT F COLOR VVS2 Clarity Lab Grown Diamond,,,,,,,,1,,,1,,,,,,,826,826,,white-diamond,,,,,,,,,,,,2302951,https://www.loosegrowndiamond.com/product/emerald-cut-2-81-carat-f-color-vvs2-clarity-lab-grown-diamond-807633544/,https://www.loosegrowndiamond.com/wp-content/uploads/2021/10/emerald.png,products/2315077/emerald-392697f0e8d7.png
,simple,6515438882,Pear Cut 2.05 CARAT D COLOR VS1 Clarity Lab Grown Diamond,,,,,Buy 2.05 Carat Pear gray VS1 Ideal Diamond. GIA Certified. SKU: 6515438882. Price: $398.00. In Stock.,,,1,,,1,,,,,,,1341,1341,,white-diamond,,,,,,,,,,,,2302952,https://www.loosegrowndiamond.com/diamond/6515438882/,https://www.loosegrowndiamond.com/wp-content/uploads/2021/10/pear.png,products/2316970/pear-faeb574d4b0d.png
,simple,652447583,Emerald Cut 5.10 CARAT E COLOR VS2 Clarity Lab Grown Diamond,,,,,,,,1,,,1,,,,,,,1513,1513,,white-diamond,,,,,,,,,,,,2302953,https://www.loosegrowndiamond.com/product/emerald-cut-5-10-carat-e-color-vs2-clarity-lab-grown-diamond-652447583/,https://www.loosegrowndiamond.com/wp-content/uploads/2021/10/emerald.png,products/2315081/emerald-392697f0e8d7.png
,simple,800621204,Oval Cut 3.02 CARAT E COLOR VVS2 Clarity Lab Grown Diamond,,,,,,,,1,,,1,,,,,,,1300,1300,,white-diamond,,,,,,,,,,,,2303110,https://www.loosegrowndiamond.com/product/oval-cut-3-02-carat-e-color-vvs2-clarity-lab-grown-diamond-800621204/,https://www.loosegrowndiamond.com/wp-content/uploads/2021/10/oval.png,products/2316971/oval-988a448bf884.png
,simple,242782392,Oval Cut 0.41 CARAT D COLOR VVS2 Clarity Lab Grown Diamond,,,,,,,,1,,,1,,,,,,,164,164,,white-diamond,,,,,,,,,,,,2303115,https://www.loosegrowndiamond.com/product/oval-cut-0-41-carat-d-color-vvs2-clarity-lab-grown-diamond-242782392/,https://www.loosegrowndiamond.com/wp-content/uploads/2021/10/oval.png,products/2316140/oval-988a448bf884.png
,simple,792614724,Round Cut 0.41 Carat D Color VVS1 Clarity Lab Grown Diamond,,,,,Buy 0.41 Carat Round gray VVS1 Ideal Diamond. IGI Certified. SKU: 792614724. Price: $42.00. In Stock.,,,1,,,1,,,,,,,226,226,,white-diamond,,,,,,,,,,,,2303231,https://www.loosegrowndiamond.com/diamond/792614724/,https://www.loosegrowndiamond.com/wp-content/uploads/2021/10/round.png,products/2316437/round-bbb6e144f022.png
,simple,807614537,Round Cut 0.51 Carat D Color VVS2 Clarity Lab Grown Diamond,,,,,,,,1,,,1,,,,,,,226,226,,white-diamond,,,,,,,,,,,,2303232,https://www.loosegrowndiamond.com/product/round-cut-0-51-carat-d-color-vvs2-clarity-lab-grown-diamond-807614537/,https://www.loosegrowndiamond.com/wp-content/uploads/2021/10/round.png,products/2316437/round-bbb6e144f022.png
,simple,807614367,Round Cut 0.51 Carat D Color VVS2 Clarity Lab Grown Diamond,,,,,,,,1,,,1,,,,,,,226,226,,white-diamond,,,,,,,,,,,,2303233,https://www.loosegrowndiamond.com/product/round-cut-0-51-carat-d-color-vvs2-clarity-lab-grown-diamond-807614367/,https://www.loosegrowndiamond.com/wp-content/uploads/2021/10/round.png,products/2316437/round-bbb6e144f022.png
,simple,805619416,Radiant Cut 6.03 Carat F Color VVS2 Clarity Lab Grown Diamond,,,,,,,,1,,,1,,,,,,,2056,2056,,white-diamond,,,,,,,,,,,,2303234,https://www.loosegrowndiamond.com/product/radiant-cut-6-03-carat-f-color-vvs2-clarity-lab-grown-diamond-805619416/,https://www.loosegrowndiamond.com/wp-content/uploads/2021/10/radiant.png,products/2316967/radiant-bbe6f8deda10.png
,simple,621400828,Emerald Cut 5.14 Carat E Color VS2 Clarity Lab Grown Diamond,,,,,,,,1,,,1,,,,,,,1340,1340,,white-diamond,,,,,,,,,,,,2303235,https://www.loosegrowndiamond.com/product/emerald-cut-5-14-carat-e-color-vs2-clarity-lab-grown-diamond-621400828/,https://www.loosegrowndiamond.com/wp-content/uploads/2021/10/emerald.png,products/2315081/emerald-392697f0e8d7.png
,simple,723557013,Radiant Cut 9.75 Carat F Color VVS2 Clarity Lab Grown Diamond,,,,,,,,0,,,1,,,,,,,3227,3227,,white-diamond,,,,,,,,,,,,2303382,https://www.loosegrowndiamond.com/product/radiant-cut-9-75-carat-f-color-vvs2-clarity-lab-grown-diamond-723557013/,https://www.loosegrowndiamond.com/wp-content/uploads/2021/10/radiant.png,products/2316967/radiant-bbe6f8deda10.png
,simple,614328881,Princess Cut 3.10 Carat J Color VS2 Clarity Lab Grown Diamond,,,,,Buy 3.10 Carat Princess red VS2 Ideal Diamond. IGI Certified. SKU: 614328881. Price: $217.00. In Stock.,,,1,,,1,,,,,,,846,846,,white-diamond,,,,,,,,,,,,2303387,https://www.loosegrowndiamond.com/diamond/614328881/,https://www.loosegrowndiamond.com/wp-content/uploads/2021/10/princess.png,products/2308537/princess-7cc996821bc8.png
,simple,766614653,Round Cut 1.50 Carat E Color VVS2 Clarity Lab Grown Diamond,,,,,,,,0,,,1,,,,,,,510,510,,white-diamond,,,,,,,,,,,,2303502,https://www.loosegrowndiamond.com/product/round-cut-1-50-carat-e-color-vvs2-clarity-lab-grown-diamond-766614653/,https://www.loosegrowndiamond.com/wp-content/uploads/2021/10/round.png,products/2316437/round-bbb6e144f022.png
,simple,242780948,Marquise Cut 1.04 Carat D Color VS2 Clarity Lab Grown Diamond,,,,,,,,1,,,1,,,,,,,350,350,,white-diamond,,,,,,,,,,,,2303503,https://www.loosegrowndiamond.com/product/marquise-cut-1-04-carat-d-color-vs2-clarity-lab-grown-diamond-242780948/,https://www.loosegrowndiamond.com/wp-content/uploads/2021/10/marquise.png,products/2316319/marquise-58d8d8a5cdc4.png
,simple,622487093,Round Cut 3.67 Carat G Color VS1 Clarity Lab Grown Diamond,,,,,,,,1,,,1,,,,,,,843,843,,white-diamond,,,,,,,,,,,,2303504,https://www.loosegrowndiamond.com/product/round-cut-3-67-carat-g-color-vs1-clarity-lab-grown-diamond-622487093/,https://www.loosegrowndiamond.com/wp-content/uploads/2021/10/round.png,products/2316437/round-bbb6e144f022.png
,simple,792635702,Old mine Cut 2.29 Carat E Color VVS2 Clarity Lab Grown Diamond,,,,,,,,1,,,1,,,,,,,1526,1526,,white-diamond,,,,,,,,,,,,2303505,https://www.loosegrowndiamond.com/product/old-mine-cut-2-29-carat-e-color-vvs2-clarity-lab-grown-diamond-792635702/,https://www.loosegrowndiamond.com/wp-content/uploads/2022/06/old-mine.png,products/2314908/old-mine-71a620778361.png
,simple,790696122,Emerald Cut 2.10 Carat D Color VVS2 Clarity Lab Grown Diamond,,,,,,,,1,,,1,,,,,,,770,770,,white-diamond,,,,,,,,,,,,2303506,https://www.loosegrowndiamond.com/product/emerald-cut-2-10-carat-d-color-vvs2-clarity-lab-grown-diamond-790696122/,https://www.loosegrowndiamond.com/wp-content/uploads/2021/10/emerald.png,products/2315081/emerald-392697f0e8d7.png
,simple,790659019,Round Cut 4.04 Carat F Color VS1 Clarity Lab Grown Diamond,,,,,,,,1,,,1,,,,,,,1253,1253,,white-diamond,,,,,,,,,,,,2303613,https://www.loosegrowndiamond.com/product/round-cut-4-04-carat-f-color-vs1-clarity-lab-grown-diamond-790659019/,https://www.loosegrowndiamond.com/wp-content/uploads/2021/10/round.png,products/2316437/round-bbb6e144f022.png
,simple,234465748,Emerald Cut 0.52 Carat D Color IF Clarity Lab Grown Diamond,,,,,,,,1,,,1,,,,,,,350,350,,white-diamond,,,,,,,,,,,,2303614,https://www.loosegrowndiamond.com/product/emerald-cut-0-52-carat-d-color-if-clarity-lab-grown-diamond-234465748/,https://www.loosegrowndiamond.com/wp-content/uploads/2021/10/emerald.png,products/2315077/emerald-392697f0e8d7.png
,simple,271090145,Round Cut 0.84 Carat K Color I2 Clarity Lab Grown Diamond,,,,,Buy 0.84 Carat Round purple I2 Very Good Diamond. GCAL Certified. SKU: 271090145. Price: $29.00. In Stock.,,,1,,,1,,,,,,,253,253,,white-diamond,,,,,,,,,,,,2303617,https://www.loosegrowndiamond.com/diamond/271090145/,https://www.loosegrowndiamond.com/wp-content/uploads/2021/10/round.png,products/2314107/round-bbb6e144f022.png
,simple,199944487,Baguette trapezoid Cut 0.34 Carat F Color VS1 Clarity Lab Grown Diamond,,,,,,,,1,,,1,,,,,,,236,236,,white-diamond,,,,,,,,,,,,2303618,https://www.loosegrowndiamond.com/product/baguette-trapezoid-cut-0-34-carat-f-color-vs1-clarity-lab-grown-diamond-199944487/,https://www.loosegrowndiamond.com/wp-content/uploads/2022/06/baguette-trapezoid.png,products/2303618/baguette-trapezoid-00470796372a.png
,simple,771667245,Radiant Cut 4.09 Carat E Color VS1 Clarity Lab Grown Diamond,,,,,,,,1,,,1,,,,,,,1433,1433,,white-diamond,,,,,,,,,,,,2303727,https://www.loosegrowndiamond.com/product/radiant-cut-4-09-carat-e-color-vs1-clarity-lab-grown-diamond-771667245/,https://www.loosegrowndiamond.com/wp-content/uploads/2021/10/radiant.png,products/2316967/radiant-bbe6f8deda10.png
,simple,670439211,Oval Cut 2.45 Carat G Color VS1 Clarity Lab Grown Diamond,,,,,Buy 2.45 Carat Oval orange VS1 Ideal Diamond. IGI Certified. SKU: 670439211. Price: $179.00. In Stock.,,,1,,,1,,,,,,,711,711,,white-diamond,,,,,,,,,,,,2303728,https://www.loosegrowndiamond.com/diamond/670439211/,https://www.loosegrowndiamond.com/wp-content/uploads/2021/10/oval.png,products/2316971/oval-988a448bf884.png
,simple,780694733,Round Cut 1.92 Carat F Color VVS2 Clarity Lab Grown Diamond,,,,,Buy 1.92 Carat Round brown VVS2 Excellent Diamond. IGI Certified. SKU: 780694733. Price: $163.00. In Stock.,,,1,,,1,,,,,,,614,614,,white-diamond,,,,,,,,,,,,2303730,https://www.loosegrowndiamond.com/diamond/780694733/,https://www.loosegrowndiamond.com/wp-content/uploads/2021/10/round.png,products/2316437/round-bbb6e144f022.png
,simple,712501137,Round Cut 0.18 Carat D Color VS1 Clarity Lab Grown Diamond,,,,,,,,0,,,1,,,,,,,249,249,,white-diamond,,,,,,,,,,,,2303927,https://www.loosegrowndiamond.com/product/round-cut-0-18-carat-d-color-vs1-clarity-lab-grown-diamond-712501137/,https://www.loosegrowndiamond.com/wp-content/uploads/2021/10/round.png,products/2316437/round-bbb6e144f022.png
,simple,351630090,Round Cut 2.07 Carat F Color VS1 Clarity Lab Grown Diamond,,,,,,,,1,,,1,,,,,,,2147,2147,,white-diamond,,,,,,,,,,,,2303928,https://www.loosegrowndiamond.com/product/round-cut-2-07-carat-f-color-vs1-clarity-lab-grown-diamond-351630090/,https://www.loosegrowndiamond.com/wp-content/uploads/2021/10/round.png,products/2316437/round-bbb6e144f022.png
,simple,791624813,Oval Cut 5.01 Carat E Color VVS1 Clarity Lab Grown Diamond,,,,,,,,1,,,1,,,,,,,3917,3917,,white-diamond,,,,,,,,,,,,2303929,https://www.loosegrowndiamond.com/product/oval-cut-5-01-carat-e-color-vvs1-clarity-lab-grown-diamond-791624813/,https://www.loosegrowndiamond.com/wp-content/uploads/2021/10/oval.png,products/2316971/oval-988a448bf884.png
,simple,805669570,Round Cut 1.00 Carat L Color VS1 Clarity Lab Grown Diamond,,,,,,,,0,,,0,,,,,,,719,719,,color-diamond,,,,,,,,,,,,2303931,https://www.loosegrowndiamond.com/product/round-cut-1-00-carat-l-color-vs1-clarity-lab-grown-diamond-805669570/,https://www.loosegrowndiamond.com/wp-content/uploads/2021/10/round_pink.png,products/2303931/round_pink-bb9e842f5bf3.png
,simple,803689020,Round Cut 0.38 Carat M Color VVS2 Clarity Lab Grown Diamond,,,,,Buy 0.38 Carat Round 3 1 VVS2 Ideal Diamond. IGI Certified. SKU: 803689020. Price: $39.00. In Stock.,,,1,,,0,,,,,,,257,257,,color-diamond,,,,,,,,,,,,2303932,https://www.loosegrowndiamond.com/diamond/803689020/,https://www.loosegrowndiamond.com/wp-content/uploads/2021/10/round_yellow.png,products/2303932/round_yellow-58fe046ac9e7.png
,simple,728561154,Emerald Cut 1.60 Carat D Color IF Clarity Lab Grown Diamond,,,,,Buy 1.60 Carat Emerald gray IF Ideal Diamond. IGI Certified. SKU: 728561154. Price: $165.00. In Stock.,,,1,,,1,,,,,,,649,649,,white-diamond,,,,,,,,,,,,2304046,https://www.loosegrowndiamond.com/diamond/728561154/,https://www.loosegrowndiamond.com/wp-content/uploads/2021/10/emerald.png,products/2315077/emerald-392697f0e8d7.png
,simple,765626163,Emerald Cut 7.14 Carat E Color VVS1 Clarity Lab Grown Diamond,,,,,,,,1,,,1,,,,,,,4354,4354,,white-diamond,,,,,,,,,,,,2304049,https://www.loosegrowndiamond.com/product/emerald-cut-7-14-carat-e-color-vvs1-clarity-lab-grown-diamond-765626163/,https://www.loosegrowndiamond.com/wp-content/uploads/2021/10/emerald.png,products/2315081/emerald-392697f0e8d7.png
,simple,809691852,Princess Cut 2.05 Carat E Color VS1 Clarity Lab Grown Diamond,,,,,,,,1,,,1,,,,,,,721,721,,white-diamond,,,,,,,,,,,,2304050,https://www.loosegrowndiamond.com/product/princess-cut-2-05-carat-e-color-vs1-clarity-lab-grown-diamond-809691852/,https://www.loosegrowndiamond.com/wp-content/uploads/2021/10/princess.png,products/2308537/princess-7cc996821bc8.png
,simple,782654249,Marquise Cut 0.26 Carat E Color SI1 Clarity Lab Grown Diamond,,,,,Buy 0.26 Carat Marquise black SI1 Ideal Diamond. IGI Certified. SKU: 782654249. Price: $26.00. In Stock.,,,1,,,1,,,,,,,154,154,,white-diamond,,,,,,,,,,,,2304164,https://www.loosegrowndiamond.com/diamond/782654249/,https://www.loosegrowndiamond.com/wp-content/uploads/2021/10/marquise.png,products/2316319/marquise-58d8d8a5cdc4.png
,simple,242781375,Asscher Cut 0.91 Carat D Color VVS2 Clarity Lab Grown Diamond,,,,,,,,1,,,1,,,,,,,314,314,,white-diamond,,,,,,,,,,,,2304165,https://www.loosegrowndiamond.com/product/asscher-cut-0-91-carat-d-color-vvs2-clarity-lab-grown-diamond-242781375/,https://www.loosegrowndiamond.com/wp-content/uploads/2021/10/asscher.png,products/2305293/asscher-75d542b0e4dd.png
,simple,803660514,Heart Cut 0.42 Carat E Color VS1 Clarity Lab Grown Diamond,,,,,Buy 0.42 Carat Heart black VS1 Ideal Diamond. IGI Certified. SKU: 803660514. Price: $38.00. In Stock.,,,1,,,1,,,,,,,207,207,,white-diamond,,,,,,,,,,,,2304166,https://www.loosegrowndiamond.com/diamond/803660514/,https://www.loosegrowndiamond.com/wp-content/uploads/2021/10/heart.png,products/2310355/heart-38882a05a919.png
,simple,794696942,Round Cut 2.60 Carat D Color IF Clarity Lab Grown Diamond,,,,,Buy 2.60 Carat Round gray IF Ideal Diamond. IGI Certified. SKU: 794696942. Price: $530.00. In Stock.,,,1,,,1,,,,,,,1796,1796,,white-diamond,,,,,,,,,,,,2304167,https://www.loosegrowndiamond.com/diamond/794696942/,https://www.loosegrowndiamond.com/wp-content/uploads/2021/10/round.png,products/2314107/round-bbb6e144f022.png
,simple,782650811,Pear Cut 0.28 Carat M Color SI2 Clarity Lab Grown Diamond,,,,,Buy 0.19 Carat Pear pink SI2 Ideal Diamond. IGI Certified. SKU: 782650811. Price: $57.00. In Stock.,,,1,,,0,,,,,,,194,194,,"color-diamond, white-diamond",,,,,,,,,,,,2304168,https://www.loosegrowndiamond.com/diamond/782650811/,https://www.loosegrowndiamond.com/wp-content/uploads/2021/10/pear_yellow.png,products/2314330/pear_yellow-c67e7d9a3987.png
,simple,780619924,Radiant Cut 2.55 Carat F Color VVS2 Clarity Lab Grown Diamond,,,,,,,,1,,,1,,,,,,,840,840,,white-diamond,,,,,,,,,,,,2304314,https://www.loosegrowndiamond.com/product/radiant-cut-2-55-carat-f-color-vvs2-clarity-lab-grown-diamond-780619924/,https://www.loosegrowndiamond.com/wp-content/uploads/2021/10/radiant.png,products/2316967/radiant-bbe6f8deda10.png
,simple,780667948,Round Cut 1.80 Carat D Color FL Clarity Lab Grown Diamond,,,,,Buy 1.80 Carat Round gray 11 Ideal Diamond. IGI Certified. SKU: 780667948. Price: $520.00. In Stock.,,,1,,,1,,,,,,,2323,2323,,white-diamond,,,,,,,,,,,,2304318,https://www.loosegrowndiamond.com/diamond/780667948/,https://www.loosegrowndiamond.com/wp-content/uploads/2021/10/round.png,products/2314107/round-bbb6e144f022.png
,simple,807690238,Emerald Cut 7.04 Carat E Color VS1 Clarity Lab Grown Diamond,,,,,,,,1,,,1,,,,,,,2231,2231,,white-diamond,,,,,,,,,,,,2304319,https://www.loosegrowndiamond.com/product/emerald-cut-7-04-carat-e-color-vs1-clarity-lab-grown-diamond-807690238/,https://www.loosegrowndiamond.com/wp-content/uploads/2021/10/emerald.png,products/2315081/emerald-392697f0e8d7.png
,simple,728521672,Asscher Cut 1.98 Carat G Color VVS2 Clarity Lab Grown Diamond,,,,,Buy 1.98 Carat Asscher orange VVS2 Ideal Diamond. IGI Certified. SKU: 728521672. Price: $262.00. In Stock.,,,1,,,1,,,,,,,903,903,,white-diamond,,,,,,,,,,,,2304446,https://www.loosegrowndiamond.com/diamond/728521672/,https://www.loosegrowndiamond.com/wp-content/uploads/2021/10/asscher.png,products/2305293/asscher-75d542b0e4dd.png
,simple,229645364,Round Cut 0.62 Carat J Color VS1 Clarity Lab Grown Diamond,,,,,,,,1,,,1,,,,,,,171,171,,white-diamond,,,,,,,,,,,,2304448,https://www.loosegrowndiamond.com/product/round-cut-0-62-carat-j-color-vs1-clarity-lab-grown-diamond-229645364/,https://www.loosegrowndiamond.com/wp-content/uploads/2021/10/round.png,products/2316437/round-bbb6e144f022.png
,simple,776643743,Round Cut 3.01 Carat H Color VVS2 Clarity Lab Grown Diamond,,,,,Buy 3.01 Carat Round green VVS2 Ideal Diamond. IGI Certified. SKU: 776643743. Price: $262.00. In Stock.,,,1,,,1,,,,,,,856,856,,white-diamond,,,,,,,,,,,,2304449,https://www.loosegrowndiamond.com/diamond/776643743/,https://www.loosegrowndiamond.com/wp-content/uploads/2021/10/round.png,products/2316437/round-bbb6e144f022.png
,simple,787649756,Round Cut 0.32 Carat E Color VVS2 Clarity Lab Grown Diamond,,,,,Buy 0.32 Carat Round black VVS2 Very Good Diamond. IGI Certified. SKU: 787649756. Price: $55.00. In Stock.,,,1,,,1,,,,,,,169,169,,white-diamond,,,,,,,,,,,,2304450,https://www.loosegrowndiamond.com/diamond/787649756/,https://www.loosegrowndiamond.com/wp-content/uploads/2021/10/round.png,products/2314107/round-bbb6e144f022.png
,simple,801682701,Marquise Cut 1.22 Carat H Color VS1 Clarity Lab Grown Diamond,,,,,,,,0,,,1,,,,,,,357,357,,white-diamond,,,,,,,,,,,,2304599,https://www.loosegrowndiamond.com/product/marquise-cut-1-22-carat-h-color-vs1-clarity-lab-grown-diamond-801682701/,https://www.loosegrowndiamond.com/wp-content/uploads/2021/10/marquise.png,products/2316319/marquise-58d8d8a5cdc4.png
,simple,809682193,Round Cut 1.01 Carat G Color VVS2 Clarity Lab Grown Diamond,,,,,,,,1,,,1,,,,,,,321,321,,white-diamond,,,,,,,,,,,,2304602,https://www.loosegrowndiamond.com/product/round-cut-1-01-carat-g-color-vvs2-clarity-lab-grown-diamond-809682193/,https://www.loosegrowndiamond.com/wp-content/uploads/2021/10/round.png,products/2314107/round-bbb6e144f022.png
,simple,758581922,Pear Cut 4.51 Carat E Color VS1 Clarity Lab Grown Diamond,,,,,,,,1,,,1,,,,,,,1563,1563,,white-diamond,,,,,,,,,,,,2304749,https://www.loosegrowndiamond.com/product/pear-cut-4-51-carat-e-color-vs1-clarity-lab-grown-diamond-758581922/,https://www.loosegrowndiamond.com/wp-content/uploads/2021/10/pear.png,products/2316970/pear-faeb574d4b0d.png
,simple,794602367,Marquise Cut 1.76 Carat I Color VS1 Clarity Lab Grown Diamond,,,,,,,,1,,,1,,,,,,,503,503,,white-diamond,,,,,,,,,,,,2304751,https://www.loosegrowndiamond.com/product/marquise-cut-1-76-carat-i-color-vs1-clarity-lab-grown-diamond-794602367/,https://www.loosegrowndiamond.com/wp-content/uploads/2021/10/marquise.png,products/2316319/marquise-58d8d8a5cdc4.png
,simple,793624818,Round Cut 1.23 Carat D Color VS1 Clarity Lab Grown Diamond,,,,,Buy 1.23 Carat Round gray VS1 Ideal Diamond. IGI Certified. SKU: 793624818. Price: $105.00. In Stock.,,,1,,,1,,,,,,,446,446,,white-diamond,,,,,,,,,,,,2304756,https://www.loosegrowndiamond.com/diamond/793624818/,https://www.loosegrowndiamond.com/wp-content/uploads/2021/10/round.png,products/2316437/round-bbb6e144f022.png
,simple,763641916,Round Cut 1.47 Carat E Color VS1 Clarity Lab Grown Diamond,,,,,Buy 1.47 Carat Round black VS1 Ideal Diamond. IGI Certified. SKU: 763641916. Price: $154.00. In Stock.,,,1,,,1,,,,,,,461,461,,white-diamond,,,,,,,,,,,,2304758,https://www.loosegrowndiamond.com/diamond/763641916/,https://www.loosegrowndiamond.com/wp-content/uploads/2021/10/round.png,products/2314107/round-bbb6e144f022.png
,simple,803688367,Oval Cut 3.09 Carat G Color VVS2 Clarity Lab Grown Diamond,,,,,,,,1,,,1,,,,,,,869,869,,white-diamond,,,,,,,,,,,,2304870,https://www.loosegrowndiamond.com/product/oval-cut-3-09-carat-g-color-vvs2-clarity-lab-grown-diamond-803688367/,https://www.loosegrowndiamond.com/wp-content/uploads/2021/10/oval.png,products/2316971/oval-988a448bf884.png
,simple,808615293,Oval Cut 2.04 Carat H Color VS1 Clarity Lab Grown Diamond,,,,,,,,0,,,1,,,,,,,574,574,,white-diamond,,,,,,,,,,,,2304872,https://www.loosegrowndiamond.com/product/oval-cut-2-04-carat-h-color-vs1-clarity-lab-grown-diamond-808615293/,https://www.loosegrowndiamond.com/wp-content/uploads/2021/10/oval.png,products/2316971/oval-988a448bf884.png
,simple,1493584740,Emerald Cut 2.58 Carat D Color VVS2 Clarity Lab Grown Diamond,,,,,Buy 2.58 Carat Emerald gray VVS2 Ideal Diamond. GIA Certified. SKU: 1493584740. Price: $593.00. In Stock.,,,1,,,1,,,,,,,2226,2226,,white-diamond,,,,,,,,,,,,2304873,https://www.loosegrowndiamond.com/diamond/1493584740/,https://www.loosegrowndiamond.com/wp-content/uploads/2021/10/emerald.png,products/2315077/emerald-392697f0e8d7.png
,simple,106615294,Princess Cut 0.28 Carat E Color VS1 Clarity Lab Grown Diamond,,,,,Buy 0.28 Carat Princess black VS1 Ideal Diamond.  Certified. SKU: 106615294. Price: $29.00. In Stock.,,,1,,,1,,,,,,,163,163,,white-diamond,,,,,,,,,,,,2304874,https://www.loosegrowndiamond.com/diamond/106615294/,https://www.loosegrowndiamond.com/wp-content/uploads/2021/10/princess.png,products/2308537/princess-7cc996821bc8.png
,simple,802605780,Emerald Cut 2.00 Carat E Color VVS2 Clarity Lab Grown Diamond,,,,,,,,1,,,1,,,,,,,750,750,,white-diamond,,,,,,,,,,,,2305055,https://www.loosegrowndiamond.com/product/emerald-cut-2-00-carat-e-color-vvs2-clarity-lab-grown-diamond-802605780/,https://www.loosegrowndiamond.com/wp-content/uploads/2021/10/emerald.png,products/2315077/emerald-392697f0e8d7.png
,simple,788633317,Emerald Cut 0.32 Carat E Color VS1 Clarity Lab Grown Diamond,,,,,Buy 0.32 Carat Emerald black VS1 Ideal Diamond. IGI Certified. SKU: 788633317. Price: $27.00. In Stock.,,,1,,,1,,,,,,,157,157,,white-diamond,,,,,,,,,,,,2305056,https://www.loosegrowndiamond.com/diamond/788633317/,https://www.loosegrowndiamond.com/wp-content/uploads/2021/10/emerald.png,products/2315077/emerald-392697f0e8d7.png
,simple,790656871,Marquise Cut 3.09 Carat G Color VS2 Clarity Lab Grown Diamond,,,,,Buy 3.09 Carat Marquise orange VS2 Ideal Diamond. IGI Certified. SKU: 790656871. Price: $336.00. In Stock.,,,1,,,1,,,,,,,929,929,,white-diamond,,,,,,,,,,,,2305058,https://www.loosegrowndiamond.com/diamond/790656871/,https://www.loosegrowndiamond.com/wp-content/uploads/2021/10/marquise.png,products/2316851/marquise-58d8d8a5cdc4.png
,simple,776643104,Round Cut 3.09 Carat E Color VVS1 Clarity Lab Grown Diamond,,,,,,,,1,,,1,,,,,,,1287,1287,,white-diamond,,,,,,,,,,,,2305173,https://www.loosegrowndiamond.com/product/round-cut-3-09-carat-e-color-vvs1-clarity-lab-grown-diamond-776643104/,https://www.loosegrowndiamond.com/wp-content/uploads/2021/10/round.png,products/2316437/round-bbb6e144f022.png
,simple,797625915,Radiant Cut 3.07 Carat D Color VVS2 Clarity Lab Grown Diamond,,,,,Buy 3.07 Carat Radiant gray VVS2 Ideal Diamond. IGI Certified. SKU: 797625915. Price: $507.00. In Stock.,,,1,,,1,,,,,,,1343,1343,,white-diamond,,,,,,,,,,,,2305174,https://www.loosegrowndiamond.com/diamond/797625915/,https://www.loosegrowndiamond.com/wp-content/uploads/2021/10/radiant.png,products/2316967/radiant-bbe6f8deda10.png
,simple,616431662,Emerald Cut 1.72 Carat H Color VS2 Clarity Lab Grown Diamond,,,,,Buy 1.72 Carat Emerald green VS2 Ideal Diamond. IGI Certified. SKU: 616431662. Price: $83.00. In Stock.,,,1,,,1,,,,,,,334,334,,white-diamond,,,,,,,,,,,,2305175,https://www.loosegrowndiamond.com/diamond/616431662/,https://www.loosegrowndiamond.com/wp-content/uploads/2021/10/emerald.png,products/2315077/emerald-392697f0e8d7.png
,simple,804633024,Cushion Cut 3.01 Carat F Color VVS2 Clarity Lab Grown Diamond,,,,,Buy 3.01 Carat Cushion brown VVS2 Ideal Diamond. IGI Certified. SKU: 804633024. Price: $389.00. In Stock.,,,1,,,1,,,,,,,856,856,,white-diamond,,,,,,,,,,,,2305176,https://www.loosegrowndiamond.com/diamond/804633024/,https://www.loosegrowndiamond.com/wp-content/uploads/2021/10/cushion.png,products/2316559/cushion-1f305250daae.png
,simple,763642417,Asscher Cut 2.55 Carat D Color VVS2 Clarity Lab Grown Diamond,,,,,,,,0,,,1,,,,,,,969,969,,white-diamond,,,,,,,,,,,,2305293,https://www.loosegrowndiamond.com/product/asscher-cut-2-55-carat-d-color-vvs2-clarity-lab-grown-diamond-763642417/,https://www.loosegrowndiamond.com/wp-content/uploads/2021/10/asscher.png,products/2305293/asscher-75d542b0e4dd.png
,simple,747528752,Round Cut 3.08 Carat E Color VVS2 Clarity Lab Grown Diamond,,,,,,,,1,,,1,,,,,,,934,934,,white-diamond,,,,,,,,,,,,2305294,https://www.loosegrowndiamond.com/product/round-cut-3-08-carat-e-color-vvs2-clarity-lab-grown-diamond-747528752/,https://www.loosegrowndiamond.com/wp-content/uploads/2021/10/round.png,products/2316437/round-bbb6e144f022.png
,simple,808603149,Pear Cut 6.01 Carat F Color VS1 Clarity Lab Grown Diamond,,,,,Buy 6.01 Carat Pear brown VS1 Ideal Diamond. IGI Certified. SKU: 808603149. Price: $654.00. In Stock.,,,1,,,1,,,,,,,1943,1943,,white-diamond,,,,,,,,,,,,2305295,https://www.loosegrowndiamond.com/diamond/808603149/,https://www.loosegrowndiamond.com/wp-content/uploads/2021/10/pear.png,products/2312051/pear-faeb574d4b0d.png
,simple,808637214,Marquise Cut 15.08 Carat G Color VS1 Clarity Lab Grown Diamond,,,,,,,,1,,,1,,,,,,,6560,6560,,white-diamond,,,,,,,,,,,,2305416,https://www.loosegrowndiamond.com/product/marquise-cut-15-08-carat-g-color-vs1-clarity-lab-grown-diamond-808637214/,https://www.loosegrowndiamond.com/wp-content/uploads/2021/10/marquise.png,products/2316319/marquise-58d8d8a5cdc4.png
,simple,237707780,Cushion Cut 4.01 Carat D Color VS2 Clarity Lab Grown Diamond,,,,,,,,1,,,1,,,,,,,1281,1281,,white-diamond,,,,,,,,,,,,2305417,https://www.loosegrowndiamond.com/product/cushion-cut-4-01-carat-d-color-vs2-clarity-lab-grown-diamond-237707780/,https://www.loosegrowndiamond.com/wp-content/uploads/2021/10/cushion.png,products/2315906/cushion-1f305250daae.png
,simple,806615121,Radiant Cut 2.13 Carat E Color VVS2 Clarity Lab Grown Diamond,,,,,,,,1,,,1,,,,,,,626,626,,white-diamond,,,,,,,,,,,,2305418,https://www.loosegrowndiamond.com/product/radiant-cut-2-13-carat-e-color-vvs2-clarity-lab-grown-diamond-806615121/,https://www.loosegrowndiamond.com/wp-content/uploads/2021/10/radiant.png,products/2316973/radiant-bbe6f8deda10.png
,simple,3515642224,Radiant Cut 3.00 Carat D Color FL Clarity Lab Grown Diamond,,,,,"Buy 3.00 Carat Radiant gray 11 Ideal Diamond. GIA Certified. SKU: 3515642224. Price: $9,463.00. In Stock.",,,1,,,1,,,,,,,27109,27109,,white-diamond,,,,,,,,,,,,2305537,https://www.loosegrowndiamond.com/diamond/3515642224/,https://www.loosegrowndiamond.com/wp-content/uploads/2021/10/radiant.png,products/2316967/radiant-bbe6f8deda10.png
,simple,754509626,Radiant Cut 3.00 Carat D Color VVS2 Clarity Lab Grown Diamond,,,,,Buy 3.00 Carat Radiant gray VVS2 Ideal Diamond. IGI Certified. SKU: 754509626. Price: $414.00. In Stock.,,,1,,,1,,,,,,,1100,1100,,white-diamond,,,,,,,,,,,,2305538,https://www.loosegrowndiamond.com/diamond/754509626/,https://www.loosegrowndiamond.com/wp-content/uploads/2021/10/radiant.png,products/2316967/radiant-bbe6f8deda10.png
,simple,780643403,Oval Cut 3.00 Carat D Color VVS1 Clarity Lab Grown Diamond,,,,,,,,1,,,1,,,,,,,1734,1734,,white-diamond,,,,,,,,,,,,2305539,https://www.loosegrowndiamond.com/product/oval-cut-3-00-carat-d-color-vvs1-clarity-lab-grown-diamond-780643403/,https://www.loosegrowndiamond.com/wp-content/uploads/2021/10/oval.png,products/2316140/oval-988a448bf884.png
,simple,739592728,Princess Cut 3.92 Carat E Color VVS2 Clarity Lab Grown Diamond,,,,,,,,1,,,1,,,,,,,1103,1103,,white-diamond,,,,,,,,,,,,2305658,https://www.loosegrowndiamond.com/product/princess-cut-3-92-carat-e-color-vvs2-clarity-lab-grown-diamond-739592728/,https://www.loosegrowndiamond.com/wp-content/uploads/2021/10/princess.png,products/2312796/princess-7cc996821bc8.png
,simple,807677931,Cushion Cut 3.06 Carat M Color VVS2 Clarity Lab Grown Diamond,,,,,,,,1,,,0,,,,,,,2067,2067,,color-diamond,,,,,,,,,,,,2305660,https://www.loosegrowndiamond.com/product/cushion-cut-3-06-carat-m-color-vvs2-clarity-lab-grown-diamond-807677931/,https://www.loosegrowndiamond.com/wp-content/uploads/2021/10/cushion_yellow.png,products/2315558/cushion_yellow-37ac9c1f4623.png
,simple,749566025,Marquise Cut 2.80 Carat D Color VVS1 Clarity Lab Grown Diamond,,,,,"Buy 2.80 Carat Marquise gray VVS1 Ideal Diamond. IGI Certified. SKU: 749566025. Price: $1,666.00. In Stock.",,,1,,,1,,,,,,,4831,4831,,white-diamond,,,,,,,,,,,,2305661,https://www.loosegrowndiamond.com/diamond/749566025/,https://www.loosegrowndiamond.com/wp-content/uploads/2021/10/marquise.png,products/2316851/marquise-58d8d8a5cdc4.png
,simple,713511523,Marquise Cut 7.50 Carat F Color VS2 Clarity Lab Grown Diamond,,,,,,,,1,,,1,,,,,,,1506,1506,,white-diamond,,,,,,,,,,,,2305764,https://www.loosegrowndiamond.com/product/marquise-cut-7-50-carat-f-color-vs2-clarity-lab-grown-diamond-713511523/,https://www.loosegrowndiamond.com/wp-content/uploads/2021/10/marquise.png,products/2316319/marquise-58d8d8a5cdc4.png
,simple,774675797,Radiant Cut 3.03 Carat G Color VS2 Clarity Lab Grown Diamond,,,,,,,,1,,,1,,,,,,,697,697,,white-diamond,,,,,,,,,,,,2305765,https://www.loosegrowndiamond.com/product/radiant-cut-3-03-carat-g-color-vs2-clarity-lab-grown-diamond-774675797/,https://www.loosegrowndiamond.com/wp-content/uploads/2021/10/radiant.png,products/2316967/radiant-bbe6f8deda10.png
,simple,360026422,Round Cut 2.51 Carat F Color VVS2 Clarity Lab Grown Diamond,,,,,,,,1,,,1,,,,,,,2449,2449,,white-diamond,,,,,,,,,,,,2305766,https://www.loosegrowndiamond.com/product/round-cut-2-51-carat-f-color-vvs2-clarity-lab-grown-diamond-360026422/,https://www.loosegrowndiamond.com/wp-content/uploads/2021/10/round.png,products/2314107/round-bbb6e144f022.png
,simple,681550824,Marquise Cut 5.00 Carat F Color VS1 Clarity Lab Grown Diamond,,,,,,,,1,,,1,,,,,,,1743,1743,,white-diamond,,,,,,,,,,,,2305892,https://www.loosegrowndiamond.com/product/marquise-cut-5-00-carat-f-color-vs1-clarity-lab-grown-diamond-681550824/,https://www.loosegrowndiamond.com/wp-content/uploads/2021/10/marquise.png,products/2316319/marquise-58d8d8a5cdc4.png
,simple,805663439,Oval Cut 3.05 Carat F Color VS1 Clarity Lab Grown Diamond,,,,,,,,1,,,1,,,,,,,960,960,,white-diamond,,,,,,,,,,,,2305895,https://www.loosegrowndiamond.com/product/oval-cut-3-05-carat-f-color-vs1-clarity-lab-grown-diamond-805663439/,https://www.loosegrowndiamond.com/wp-content/uploads/2021/10/oval.png,products/2316971/oval-988a448bf884.png
,simple,234821689,Pear Cut 52.27 Carat H Color VS1 Clarity Lab Grown Diamond,,,,,,,,1,,,1,,,,,,,141119,141119,,white-diamond,,,,,,,,,,,,2305896,https://www.loosegrowndiamond.com/product/pear-cut-52-27-carat-h-color-vs1-clarity-lab-grown-diamond-234821689/,https://www.loosegrowndiamond.com/wp-content/uploads/2021/10/pear.png,products/2312051/pear-faeb574d4b0d.png
,simple,205299919,Cushion Cut 3.00 Carat F Color VS1 Clarity Lab Grown Diamond,,,,,,,,1,,,1,,,,,,,919,919,,white-diamond,,,,,,,,,,,,2306025,https://www.loosegrowndiamond.com/product/cushion-cut-3-00-carat-f-color-vs1-clarity-lab-grown-diamond-205299919/,https://www.loosegrowndiamond.com/wp-content/uploads/2021/10/cushion.png,products/2315906/cushion-1f305250daae.png
,simple,792628542,Cushion Cut 3.00 Carat E Color VS1 Clarity Lab Grown Diamond,,,,,Buy 3.00 Carat Cushion black VS1 Ideal Diamond. IGI Certified. SKU: 792628542. Price: $255.00. In Stock.,,,1,,,1,,,,,,,853,853,,white-diamond,,,,,,,,,,,,2306026,https://www.loosegrowndiamond.com/diamond/792628542/,https://www.loosegrowndiamond.com/wp-content/uploads/2021/10/cushion.png,products/2315906/cushion-1f305250daae.png
,simple,691549061,Emerald Cut 3.12 Carat E Color VS1 Clarity Lab Grown Diamond,,,,,Buy 3.12 Carat Emerald black VS1 Ideal Diamond. IGI Certified. SKU: 691549061. Price: $351.00. In Stock.,,,1,,,1,,,,,,,1074,1074,,white-diamond,,,,,,,,,,,,2306027,https://www.loosegrowndiamond.com/diamond/691549061/,https://www.loosegrowndiamond.com/wp-content/uploads/2021/10/emerald.png,products/2315081/emerald-392697f0e8d7.png
,simple,7508605065,Radiant Cut 3.16 Carat E Color VVS2 Clarity Lab Grown Diamond,,,,,,,,0,,,1,,,,,,,2546,2546,,white-diamond,,,,,,,,,,,,2306171,https://www.loosegrowndiamond.com/product/radiant-cut-3-16-carat-e-color-vvs2-clarity-lab-grown-diamond-7508605065/,https://www.loosegrowndiamond.com/wp-content/uploads/2021/10/radiant.png,products/2316967/radiant-bbe6f8deda10.png
,simple,360926195,Radiant Cut 1.84 Carat D Color VVS2 Clarity Lab Grown Diamond,,,,,,,,1,,,1,,,,,,,1877,1877,,white-diamond,,,,,,,,,,,,2306172,https://www.loosegrowndiamond.com/product/radiant-cut-1-84-carat-d-color-vvs2-clarity-lab-grown-diamond-360926195/,https://www.loosegrowndiamond.com/wp-content/uploads/2021/10/radiant.png,products/2316967/radiant-bbe6f8deda10.png
,simple,791650060,Round Cut 0.30 Carat D Color VVS2 Clarity Lab Grown Diamond,,,,,,,,0,,,1,,,,,,,157,157,,white-diamond,,,,,,,,,,,,2306173,https://www.loosegrowndiamond.com/product/round-cut-0-30-carat-d-color-vvs2-clarity-lab-grown-diamond-791650060/,https://www.loosegrowndiamond.com/wp-content/uploads/2021/10/round.png,products/2314107/round-bbb6e144f022.png
,simple,788613575,Marquise Cut 2.09 Carat F Color VVS2 Clarity Lab Grown Diamond,,,,,Buy 2.09 Carat Marquise brown VVS2 Ideal Diamond. IGI Certified. SKU: 788613575. Price: $209.00. In Stock.,,,1,,,1,,,,,,,669,669,,white-diamond,,,,,,,,,,,,2306289,https://www.loosegrowndiamond.com/diamond/788613575/,https://www.loosegrowndiamond.com/wp-content/uploads/2021/10/marquise.png,products/2316319/marquise-58d8d8a5cdc4.png
,simple,797663185,Round Cut 1.00 Carat E Color VVS2 Clarity Lab Grown Diamond,,,,,,,,1,,,1,,,,,,,344,344,,white-diamond,,,,,,,,,,,,2306291,https://www.loosegrowndiamond.com/product/round-cut-1-00-carat-e-color-vvs2-clarity-lab-grown-diamond-797663185/,https://www.loosegrowndiamond.com/wp-content/uploads/2021/10/round.png,products/2316437/round-bbb6e144f022.png
,simple,809690819,Oval Cut 4.00 Carat D Color VS1 Clarity Lab Grown Diamond,,,,,,,,1,,,1,,,,,,,1411,1411,,white-diamond,,,,,,,,,,,,2306292,https://www.loosegrowndiamond.com/product/oval-cut-4-00-carat-d-color-vs1-clarity-lab-grown-diamond-809690819/,https://www.loosegrowndiamond.com/wp-content/uploads/2021/10/oval.png,products/2316140/oval-988a448bf884.png
,simple,719544313,Round Cut 1.77 Carat Pink Color VS1 Clarity Lab Grown Diamond,,,,,,,,1,,,0,,,,,,,761,761,,color-diamond,,,,,,,,,,,,2306446,https://www.loosegrowndiamond.com/product/round-cut-1-77-carat-pink-color-vs1-clarity-lab-grown-diamond-719544313/,https://www.loosegrowndiamond.com/wp-content/uploads/2021/10/round_pink.png,products/2309969/round_pink-bb9e842f5bf3.png
,simple,782654153,Princess Cut 0.21 Carat D Color VS2 Clarity Lab Grown Diamond,,,,,Buy 0.21 Carat Princess gray VS2 Ideal Diamond. IGI Certified. SKU: 782654153. Price: $27.00. In Stock.,,,1,,,1,,,,,,,157,157,,white-diamond,,,,,,,,,,,,2306454,https://www.loosegrowndiamond.com/diamond/782654153/,https://www.loosegrowndiamond.com/wp-content/uploads/2021/10/princess.png,products/2308537/princess-7cc996821bc8.png
,simple,807695704,Oval Cut 0.87 Carat E Color VVS2 Clarity Lab Grown Diamond,,,,,,,,1,,,1,,,,,,,271,271,,white-diamond,,,,,,,,,,,,2306586,https://www.loosegrowndiamond.com/product/oval-cut-0-87-carat-e-color-vvs2-clarity-lab-grown-diamond-807695704/,https://www.loosegrowndiamond.com/wp-content/uploads/2021/10/oval.png,products/2316971/oval-988a448bf884.png
,simple,770617361,Round Cut 2.51 Carat D Color VVS1 Clarity Lab Grown Diamond,,,,,Buy 2.51 Carat Round gray VVS1 Ideal Diamond. IGI Certified. SKU: 770617361. Price: $331.00. In Stock.,,,1,,,1,,,,,,,1083,1083,,white-diamond,,,,,,,,,,,,2306587,https://www.loosegrowndiamond.com/diamond/770617361/,https://www.loosegrowndiamond.com/wp-content/uploads/2021/10/round.png,products/2316437/round-bbb6e144f022.png
,simple,243904458,Marquise Cut 2.49 Carat F Color VS1 Clarity Lab Grown Diamond,,,,,,,,1,,,1,,,,,,,681,681,,white-diamond,,,,,,,,,,,,2306588,https://www.loosegrowndiamond.com/product/marquise-cut-2-49-carat-f-color-vs1-clarity-lab-grown-diamond-243904458/,https://www.loosegrowndiamond.com/wp-content/uploads/2021/10/marquise.png,products/2316851/marquise-58d8d8a5cdc4.png
,simple,769666211,Radiant Cut 3.50 Carat D Color VS1 Clarity Lab Grown Diamond,,,,,Buy 3.50 Carat Radiant gray VS1 Ideal Diamond. IGI Certified. SKU: 769666211. Price: $438.00. In Stock.,,,1,,,1,,,,,,,1723,1723,,white-diamond,,,,,,,,,,,,2306703,https://www.loosegrowndiamond.com/diamond/769666211/,https://www.loosegrowndiamond.com/wp-content/uploads/2021/10/radiant.png,products/2316967/radiant-bbe6f8deda10.png
,simple,790611818,Marquise Cut 2.00 Carat D Color FL Clarity Lab Grown Diamond,,,,,"Buy 2.00 Carat Marquise gray 11 Excellent Diamond. IGI Certified. SKU: 790611818. Price: $1,281.00. In Stock.",,,1,,,1,,,,,,,4097,4097,,white-diamond,,,,,,,,,,,,2306704,https://www.loosegrowndiamond.com/diamond/790611818/,https://www.loosegrowndiamond.com/wp-content/uploads/2021/10/marquise.png,products/2316319/marquise-58d8d8a5cdc4.png
,simple,234243959,Marquise Cut 2.90 Carat E Color VS1 Clarity Lab Grown Diamond,,,,,,,,1,,,1,,,,,,,890,890,,white-diamond,,,,,,,,,,,,2306705,https://www.loosegrowndiamond.com/product/marquise-cut-2-90-carat-e-color-vs1-clarity-lab-grown-diamond-234243959/,https://www.loosegrowndiamond.com/wp-content/uploads/2021/10/marquise.png,products/2316851/marquise-58d8d8a5cdc4.png
,simple,765639355,Oval Cut 2.06 Carat E Color VVS2 Clarity Lab Grown Diamond,,,,,,,,1,,,1,,,,,,,626,626,,white-diamond,,,,,,,,,,,,2306865,https://www.loosegrowndiamond.com/product/oval-cut-2-06-carat-e-color-vvs2-clarity-lab-grown-diamond-765639355/,https://www.loosegrowndiamond.com/wp-content/uploads/2021/10/oval.png,products/2316971/oval-988a448bf884.png
,simple,806631929,Old mine Cut 2.55 Carat F Color VVS2 Clarity Lab Grown Diamond,,,,,,,,1,,,1,,,,,,,1090,1090,,white-diamond,,,,,,,,,,,,2306868,https://www.loosegrowndiamond.com/product/old-mine-cut-2-55-carat-f-color-vvs2-clarity-lab-grown-diamond-806631929/,https://www.loosegrowndiamond.com/wp-content/uploads/2022/06/old-mine.png,products/2311026/old-mine-71a620778361.png
,simple,807612586,Pear Cut 2.30 Carat E Color VVS2 Clarity Lab Grown Diamond,,,,,,,,1,,,1,,,,,,,1746,1746,,white-diamond,,,,,,,,,,,,2306991,https://www.loosegrowndiamond.com/product/pear-cut-2-30-carat-e-color-vvs2-clarity-lab-grown-diamond-807612586/,https://www.loosegrowndiamond.com/wp-content/uploads/2021/10/pear.png,products/2316970/pear-faeb574d4b0d.png
,simple,775610370,Radiant Cut 1.91 Carat D Color VS1 Clarity Lab Grown Diamond,,,,,,,,1,,,1,,,,,,,531,531,,white-diamond,,,,,,,,,,,,2306993,https://www.loosegrowndiamond.com/product/radiant-cut-1-91-carat-d-color-vs1-clarity-lab-grown-diamond-775610370/,https://www.loosegrowndiamond.com/wp-content/uploads/2021/10/radiant.png,products/2316973/radiant-bbe6f8deda10.png
,simple,733551561,Emerald Cut 0.75 Carat D Color VS1 Clarity Lab Grown Diamond,,,,,Buy 0.75 Carat Emerald gray VS1 Ideal Diamond. IGI Certified. SKU: 733551561. Price: $102.00. In Stock.,,,1,,,1,,,,,,,281,281,,white-diamond,,,,,,,,,,,,2307130,https://www.loosegrowndiamond.com/diamond/733551561/,https://www.loosegrowndiamond.com/wp-content/uploads/2021/10/emerald.png,products/2315077/emerald-392697f0e8d7.png
,simple,792624545,Round Cut 1.01 Carat Pink Color VVS1 Clarity Lab Grown Diamond,,,,,,,,1,,,0,,,,,,,684,684,,color-diamond,,,,,,,,,,,,2307131,https://www.loosegrowndiamond.com/product/round-cut-1-01-carat-pink-color-vvs1-clarity-lab-grown-diamond-792624545/,https://www.loosegrowndiamond.com/wp-content/uploads/2021/10/round_pink.png,products/2309969/round_pink-bb9e842f5bf3.png
,simple,244238414,Emerald Cut 1.00 Carat E Color VVS2 Clarity Lab Grown Diamond,,,,,Buy 1.00 Carat Emerald black VVS2 Ideal Diamond.  Certified. SKU: 244238414. Price: $72.00. In Stock.,,,1,,,1,,,,,,,300,300,,white-diamond,,,,,,,,,,,,2307136,https://www.loosegrowndiamond.com/diamond/244238414/,https://www.loosegrowndiamond.com/wp-content/uploads/2021/10/emerald.png,products/2315081/emerald-392697f0e8d7.png
,simple,808630116,Marquise Cut 0.64 Carat Blue Color VVS2 Clarity Lab Grown Diamond,,,,,,,,1,,,0,,,,,,,480,480,,color-diamond,,,,,,,,,,,,2307139,https://www.loosegrowndiamond.com/product/marquise-cut-0-64-carat-blue-color-vvs2-clarity-lab-grown-diamond-808630116/,https://www.loosegrowndiamond.com/wp-content/uploads/2021/10/marquise_blue.png,products/2307139/marquise_blue-1a2076dc0845.png
,simple,747530468,Old european Cut 4.43 Carat G Color VVS2 Clarity Lab Grown Diamond,,,,,Buy 4.43 Carat Old European orange VVS2 Ideal Diamond. IGI Certified. SKU: 747530468. Price: $820.00. In Stock.,,,1,,,1,,,,,,,2674,2674,,white-diamond,,,,,,,,,,,,2307250,https://www.loosegrowndiamond.com/diamond/747530468/,https://www.loosegrowndiamond.com/wp-content/uploads/2022/06/old-european.png,products/2307250/old-european-a809466d03cd.png
,simple,752550815,Emerald Cut 7.49 Carat E Color VVS2 Clarity Lab Grown Diamond,,,,,,,,1,,,1,,,,,,,2211,2211,,white-diamond,,,,,,,,,,,,2307254,https://www.loosegrowndiamond.com/product/emerald-cut-7-49-carat-e-color-vvs2-clarity-lab-grown-diamond-752550815/,https://www.loosegrowndiamond.com/wp-content/uploads/2021/10/emerald.png,products/2315081/emerald-392697f0e8d7.png
,simple,729515563,Round Cut 2.95 Carat F Color IF Clarity Lab Grown Diamond,,,,,Buy 2.95 Carat Round brown IF Ideal Diamond. IGI Certified. SKU: 729515563. Price: $392.00. In Stock.,,,1,,,1,,,,,,,1481,1481,,white-diamond,,,,,,,,,,,,2307256,https://www.loosegrowndiamond.com/diamond/729515563/,https://www.loosegrowndiamond.com/wp-content/uploads/2021/10/round.png,products/2314107/round-bbb6e144f022.png
,simple,813676188,Round Cut 0.51 Carat E Color VS1 Clarity Lab Grown Diamond,,,,,,,,1,,,1,,,,,,,189,189,,white-diamond,,,,,,,,,,,,2307397,https://www.loosegrowndiamond.com/product/round-cut-0-51-carat-e-color-vs1-clarity-lab-grown-diamond-813676188/,https://www.loosegrowndiamond.com/wp-content/uploads/2021/10/round.png,products/2316437/round-bbb6e144f022.png
,simple,795608100,Marquise Cut 3.16 Carat Pink Color VVS2 Clarity Lab Grown Diamond,,,,,,,,1,,,0,,,,,,,5230,5230,,color-diamond,,,,,,,,,,,,2307398,https://www.loosegrowndiamond.com/product/marquise-cut-3-16-carat-pink-color-vvs2-clarity-lab-grown-diamond-795608100/,https://www.loosegrowndiamond.com/wp-content/uploads/2021/10/marquise_pink.png,products/2307398/marquise_pink-421cbc775cf4.png
,simple,749566832,Marquise Cut 3.07 Carat E Color VVS2 Clarity Lab Grown Diamond,,,,,,,,1,,,1,,,,,,,1183,1183,,white-diamond,,,,,,,,,,,,2307399,https://www.loosegrowndiamond.com/product/marquise-cut-3-07-carat-e-color-vvs2-clarity-lab-grown-diamond-749566832/,https://www.loosegrowndiamond.com/wp-content/uploads/2021/10/marquise.png,products/2316851/marquise-58d8d8a5cdc4.png
,simple,802615639,Cushion Cut 4.03 Carat E Color VVS1 Clarity Lab Grown Diamond,,,,,Buy 4.03 Carat Cushion black VVS1 Excellent Diamond. IGI Certified. SKU: 802615639. Price: $669.00. In Stock.,,,1,,,1,,,,,,,2246,2246,,white-diamond,,,,,,,,,,,,2307400,https://www.loosegrowndiamond.com/diamond/802615639/,https://www.loosegrowndiamond.com/wp-content/uploads/2021/10/cushion.png,products/2316559/cushion-1f305250daae.png
,simple,LGD14-6587,Pear Cut 2.04 Carat Green Color VVS2 Clarity Lab Grown Diamond,,,,,"Buy 2.04 Carat PEAR 5 6 VVS2 Ideal Diamond. IGI Certified. SKU: LGD14-6587. Price: $1,169.00. In Stock.",,,1,,,0,,,,,,,1670,1670,,color-diamond,,,,,,,,,,,,2307514,https://www.loosegrowndiamond.com/diamond/LGD14-6587/,https://www.loosegrowndiamond.com/wp-content/uploads/2021/10/pear_green.png,products/2307514/pear_green-4947f6f4615c.png
,simple,786630330,Emerald Cut 16.28 Carat D Color VVS1 Clarity Lab Grown Diamond,,,,,"Buy 16.28 Carat Emerald gray VVS1 Ideal Diamond. IGI Certified. SKU: 786630330. Price: $9,402.00. In Stock.",,,1,,,1,,,,,,,20736,20736,,white-diamond,,,,,,,,,,,,2307515,https://www.loosegrowndiamond.com/diamond/786630330/,https://www.loosegrowndiamond.com/wp-content/uploads/2021/10/emerald.png,products/2315077/emerald-392697f0e8d7.png
,simple,743504709,Round Cut 1.93 Carat D Color FL Clarity Lab Grown Diamond,,,,,,,,0,,,1,,,,,,,1666,1666,,white-diamond,,,,,,,,,,,,2307516,https://www.loosegrowndiamond.com/product/round-cut-1-93-carat-d-color-fl-clarity-lab-grown-diamond-743504709/,https://www.loosegrowndiamond.com/wp-content/uploads/2021/10/round.png,products/2314107/round-bbb6e144f022.png
,simple,790634046,Pear Cut 2.00 Carat D Color SI1 Clarity Lab Grown Diamond,,,,,Buy 2.00 Carat Pear gray SI1 Ideal Diamond. IGI Certified. SKU: 790634046. Price: $213.00. In Stock.,,,1,,,1,,,,,,,573,573,,white-diamond,,,,,,,,,,,,2307518,https://www.loosegrowndiamond.com/diamond/790634046/,https://www.loosegrowndiamond.com/wp-content/uploads/2021/10/pear.png,products/2312051/pear-faeb574d4b0d.png
,simple,234388107,Marquise Cut 2.32 Carat G Color VS1 Clarity Lab Grown Diamond,,,,,Buy 2.32 Carat Marquise orange VS1 Ideal Diamond.  Certified. SKU: 234388107. Price: $148.00. In Stock.,,,1,,,1,,,,,,,541,541,,white-diamond,,,,,,,,,,,,2307629,https://www.loosegrowndiamond.com/diamond/234388107/,https://www.loosegrowndiamond.com/wp-content/uploads/2021/10/marquise.png,products/2316319/marquise-58d8d8a5cdc4.png
,simple,779667507,Oval Cut 1.90 Carat D Color VVS2 Clarity Lab Grown Diamond,,,,,,,,1,,,1,,,,,,,560,560,,white-diamond,,,,,,,,,,,,2307741,https://www.loosegrowndiamond.com/product/oval-cut-1-90-carat-d-color-vvs2-clarity-lab-grown-diamond-779667507/,https://www.loosegrowndiamond.com/wp-content/uploads/2021/10/oval.png,products/2316971/oval-988a448bf884.png
,simple,776617144,Oval Cut 1.57 Carat D Color VS2 Clarity Lab Grown Diamond,,,,,,,,1,,,1,,,,,,,449,449,,white-diamond,,,,,,,,,,,,2307742,https://www.loosegrowndiamond.com/product/oval-cut-1-57-carat-d-color-vs2-clarity-lab-grown-diamond-776617144/,https://www.loosegrowndiamond.com/wp-content/uploads/2021/10/oval.png,products/2316971/oval-988a448bf884.png
,simple,735513414,Radiant Cut 1.29 Carat G Color VS1 Clarity Lab Grown Diamond,,,,,Buy 1.29 Carat Radiant orange VS1 Ideal Diamond. IGI Certified. SKU: 735513414. Price: $101.00. In Stock.,,,1,,,1,,,,,,,343,343,,white-diamond,,,,,,,,,,,,2307743,https://www.loosegrowndiamond.com/diamond/735513414/,https://www.loosegrowndiamond.com/wp-content/uploads/2021/10/radiant.png,products/2316973/radiant-bbe6f8deda10.png
,simple,774620810,Oval Cut 3.05 Carat D Color VVS1 Clarity Lab Grown Diamond,,,,,,,,1,,,1,,,,,,,2300,2300,,white-diamond,,,,,,,,,,,,2307853,https://www.loosegrowndiamond.com/product/oval-cut-3-05-carat-d-color-vvs1-clarity-lab-grown-diamond-774620810/,https://www.loosegrowndiamond.com/wp-content/uploads/2021/10/oval.png,products/2316971/oval-988a448bf884.png
,simple,236727059,Pear Cut 0.26 Carat Green Color VS1 Clarity Lab Grown Diamond,,,,,,,,1,,,0,,,,,,,0,0,,color-diamond,,,,,,,,,,,,2307855,https://www.loosegrowndiamond.com/product/pear-cut-0-26-carat-green-color-vs1-clarity-lab-grown-diamond-236727059/,https://www.loosegrowndiamond.com/wp-content/uploads/2021/10/pear_green.png,products/2307855/pear_green-4947f6f4615c.png
,simple,749524022,Emerald Cut 7.39 Carat E Color VVS2 Clarity Lab Grown Diamond,,,,,Buy 7.39 Carat Emerald black VVS2 Ideal Diamond. IGI Certified. SKU: 749524022. Price: $665.00. In Stock.,,,1,,,1,,,,,,,2183,2183,,white-diamond,,,,,,,,,,,,2308001,https://www.loosegrowndiamond.com/diamond/749524022/,https://www.loosegrowndiamond.com/wp-content/uploads/2021/10/emerald.png,products/2315077/emerald-392697f0e8d7.png
,simple,360846808,Oval Cut 1.57 Carat D Color VVS2 Clarity Lab Grown Diamond,,,,,,,,1,,,1,,,,,,,1754,1754,,white-diamond,,,,,,,,,,,,2308002,https://www.loosegrowndiamond.com/product/oval-cut-1-57-carat-d-color-vvs2-clarity-lab-grown-diamond-360846808/,https://www.loosegrowndiamond.com/wp-content/uploads/2021/10/oval.png,products/2316971/oval-988a448bf884.png
,simple,360896113,Oval Cut 1.55 Carat D Color VVS2 Clarity Lab Grown Diamond,,,,,,,,1,,,1,,,,,,,1731,1731,,white-diamond,,,,,,,,,,,,2308003,https://www.loosegrowndiamond.com/product/oval-cut-1-55-carat-d-color-vvs2-clarity-lab-grown-diamond-360896113/,https://www.loosegrowndiamond.com/wp-content/uploads/2021/10/oval.png,products/2316140/oval-988a448bf884.png
,simple,803661211,Round Cut 0.75 Carat D Color VVS2 Clarity Lab Grown Diamond,,,,,,,,1,,,1,,,,,,,271,271,,white-diamond,,,,,,,,,,,,2308122,https://www.loosegrowndiamond.com/product/round-cut-0-75-carat-d-color-vvs2-clarity-lab-grown-diamond-803661211/,https://www.loosegrowndiamond.com/wp-content/uploads/2021/10/round.png,products/2316437/round-bbb6e144f022.png
,simple,762545267,Round Cut 2.05 Carat D Color VVS2 Clarity Lab Grown Diamond,,,,,Buy 2.05 Carat Round gray VVS2 Ideal Diamond. IGI Certified. SKU: 762545267. Price: $246.00. In Stock.,,,1,,,1,,,,,,,857,857,,white-diamond,,,,,,,,,,,,2308124,https://www.loosegrowndiamond.com/diamond/762545267/,https://www.loosegrowndiamond.com/wp-content/uploads/2021/10/round.png,products/2314107/round-bbb6e144f022.png
,simple,1497184427,Princess Cut 2.80 Carat E Color VVS2 Clarity Lab Grown Diamond,,,,,Buy 2.80 Carat Princess black VVS2 Ideal Diamond. GIA Certified. SKU: 1497184427. Price: $694.00. In Stock.,,,1,,,1,,,,,,,2459,2459,,white-diamond,,,,,,,,,,,,2308271,https://www.loosegrowndiamond.com/diamond/1497184427/,https://www.loosegrowndiamond.com/wp-content/uploads/2021/10/princess.png,products/2312796/princess-7cc996821bc8.png
,simple,739588127,Radiant Cut 2.11 Carat F Color VS1 Clarity Lab Grown Diamond,,,,,Buy 2.11 Carat Radiant brown VS1 Ideal Diamond. IGI Certified. SKU: 739588127. Price: $179.00. In Stock.,,,1,,,1,,,,,,,640,640,,white-diamond,,,,,,,,,,,,2308273,https://www.loosegrowndiamond.com/diamond/739588127/,https://www.loosegrowndiamond.com/wp-content/uploads/2021/10/radiant.png,products/2316973/radiant-bbe6f8deda10.png
,simple,784624922,Oval Cut 0.59 Carat D Color VVS1 Clarity Lab Grown Diamond,,,,,Buy 0.59 Carat Oval gray VVS1 Ideal Diamond. IGI Certified. SKU: 784624922. Price: $104.00. In Stock.,,,1,,,1,,,,,,,316,316,,white-diamond,,,,,,,,,,,,2308393,https://www.loosegrowndiamond.com/diamond/784624922/,https://www.loosegrowndiamond.com/wp-content/uploads/2021/10/oval.png,products/2316971/oval-988a448bf884.png
,simple,2235748139,Oval Cut 3.19 Carat E Color VVS1 Clarity Lab Grown Diamond,,,,,,,,1,,,1,,,,,,,3717,3717,,white-diamond,,,,,,,,,,,,2308394,https://www.loosegrowndiamond.com/product/oval-cut-3-19-carat-e-color-vvs1-clarity-lab-grown-diamond-2235748139/,https://www.loosegrowndiamond.com/wp-content/uploads/2021/10/oval.png,products/2316971/oval-988a448bf884.png
,simple,786694954,Emerald Cut 0.36 Carat D Color VVS2 Clarity Lab Grown Diamond,,,,,,,,1,,,1,,,,,,,227,227,,white-diamond,,,,,,,,,,,,2308395,https://www.loosegrowndiamond.com/product/emerald-cut-0-36-carat-d-color-vvs2-clarity-lab-grown-diamond-786694954/,https://www.loosegrowndiamond.com/wp-content/uploads/2021/10/emerald.png,products/2315081/emerald-392697f0e8d7.png
,simple,782689761,Radiant Cut 2.95 Carat E Color VVS1 Clarity Lab Grown Diamond,,,,,Buy 2.95 Carat Radiant black VVS1 Ideal Diamond. IGI Certified. SKU: 782689761. Price: $610.00. In Stock.,,,1,,,1,,,,,,,1617,1617,,white-diamond,,,,,,,,,,,,2308534,https://www.loosegrowndiamond.com/diamond/782689761/,https://www.loosegrowndiamond.com/wp-content/uploads/2021/10/radiant.png,products/2316967/radiant-bbe6f8deda10.png
,simple,770617568,Radiant Cut 2.50 Carat D Color IF Clarity Lab Grown Diamond,,,,,Buy 2.50 Carat Radiant gray IF Ideal Diamond. IGI Certified. SKU: 770617568. Price: $630.00. In Stock.,,,1,,,1,,,,,,,2000,2000,,white-diamond,,,,,,,,,,,,2308536,https://www.loosegrowndiamond.com/diamond/770617568/,https://www.loosegrowndiamond.com/wp-content/uploads/2021/10/radiant.png,products/2316973/radiant-bbe6f8deda10.png
,simple,731514785,Princess Cut 5.08 Carat E Color VVS2 Clarity Lab Grown Diamond,,,,,,,,1,,,1,,,,,,,1349,1349,,white-diamond,,,,,,,,,,,,2308537,https://www.loosegrowndiamond.com/product/princess-cut-5-08-carat-e-color-vvs2-clarity-lab-grown-diamond-731514785/,https://www.loosegrowndiamond.com/wp-content/uploads/2021/10/princess.png,products/2308537/princess-7cc996821bc8.png
,simple,731526714,Cushion Cut 3.41 Carat D Color VVS1 Clarity Lab Grown Diamond,,,,,,,,1,,,1,,,,,,,2560,2560,,white-diamond,,,,,,,,,,,,2308651,https://www.loosegrowndiamond.com/product/cushion-cut-3-41-carat-d-color-vvs1-clarity-lab-grown-diamond-731526714/,https://www.loosegrowndiamond.com/wp-content/uploads/2021/10/cushion.png,products/2315906/cushion-1f305250daae.png
,simple,766646420,Marquise Cut 1.30 Carat F Color VS2 Clarity Lab Grown Diamond,,,,,,,,0,,,1,,,,,,,417,417,,white-diamond,,,,,,,,,,,,2308652,https://www.loosegrowndiamond.com/product/marquise-cut-1-30-carat-f-color-vs2-clarity-lab-grown-diamond-766646420/,https://www.loosegrowndiamond.com/wp-content/uploads/2021/10/marquise.png,products/2316319/marquise-58d8d8a5cdc4.png
,simple,811623138,Round Cut 2.00 Carat E Color VVS1 Clarity Lab Grown Diamond,,,,,,,,1,,,1,,,,,,,846,846,,white-diamond,,,,,,,,,,,,2308653,https://www.loosegrowndiamond.com/product/round-cut-2-00-carat-e-color-vvs1-clarity-lab-grown-diamond-811623138/,https://www.loosegrowndiamond.com/wp-content/uploads/2021/10/round.png,products/2314107/round-bbb6e144f022.png
,simple,771609527,Round Cut 2.00 Carat E Color VVS1 Clarity Lab Grown Diamond,,,,,,,,1,,,1,,,,,,,780,780,,white-diamond,,,,,,,,,,,,2308654,https://www.loosegrowndiamond.com/product/round-cut-2-00-carat-e-color-vvs1-clarity-lab-grown-diamond-771609527/,https://www.loosegrowndiamond.com/wp-content/uploads/2021/10/round.png,products/2314107/round-bbb6e144f022.png
,simple,784633374,Oval Cut 1.06 Carat D Color VVS2 Clarity Lab Grown Diamond,,,,,,,,1,,,1,,,,,,,344,344,,white-diamond,,,,,,,,,,,,2308821,https://www.loosegrowndiamond.com/product/oval-cut-1-06-carat-d-color-vvs2-clarity-lab-grown-diamond-784633374/,https://www.loosegrowndiamond.com/wp-content/uploads/2021/10/oval.png,products/2316971/oval-988a448bf884.png
,simple,774691142,Radiant Cut 4.50 Carat E Color VS2 Clarity Lab Grown Diamond,,,,,,,,1,,,1,,,,,,,1071,1071,,white-diamond,,,,,,,,,,,,2308971,https://www.loosegrowndiamond.com/product/radiant-cut-4-50-carat-e-color-vs2-clarity-lab-grown-diamond-774691142/,https://www.loosegrowndiamond.com/wp-content/uploads/2021/10/radiant.png,products/2316967/radiant-bbe6f8deda10.png
,simple,784606686,Marquise Cut 2.01 Carat D Color VVS1 Clarity Lab Grown Diamond,,,,,,,,1,,,1,,,,,,,1081,1081,,white-diamond,,,,,,,,,,,,2308974,https://www.loosegrowndiamond.com/product/marquise-cut-2-01-carat-d-color-vvs1-clarity-lab-grown-diamond-784606686/,https://www.loosegrowndiamond.com/wp-content/uploads/2021/10/marquise.png,products/2316851/marquise-58d8d8a5cdc4.png
,simple,787625135,Round Cut 1.20 Carat G Color VVS2 Clarity Lab Grown Diamond,,,,,,,,1,,,1,,,,,,,341,341,,white-diamond,,,,,,,,,,,,2309100,https://www.loosegrowndiamond.com/product/round-cut-1-20-carat-g-color-vvs2-clarity-lab-grown-diamond-787625135/,https://www.loosegrowndiamond.com/wp-content/uploads/2021/10/round.png,products/2316437/round-bbb6e144f022.png
,simple,685574659,Pear Cut 1.00 Carat E Color I1 Clarity Lab Grown Diamond,,,,,,,,1,,,1,,,,,,,243,243,,white-diamond,,,,,,,,,,,,2309101,https://www.loosegrowndiamond.com/product/pear-cut-1-00-carat-e-color-i1-clarity-lab-grown-diamond-685574659/,https://www.loosegrowndiamond.com/wp-content/uploads/2021/10/pear.png,products/2316970/pear-faeb574d4b0d.png
,simple,803614488,Heart Cut 1.05 Carat Pink Color VS1 Clarity Lab Grown Diamond,,,,,,,,1,,,0,,,,,,,824,824,,color-diamond,,,,,,,,,,,,2309102,https://www.loosegrowndiamond.com/product/heart-cut-1-05-carat-pink-color-vs1-clarity-lab-grown-diamond-803614488/,https://www.loosegrowndiamond.com/wp-content/uploads/2021/10/heart_pink.png,products/2309102/heart_pink-365f25fdb78c.png
,simple,779671695,Emerald Cut 5.58 Carat E Color VVS2 Clarity Lab Grown Diamond,,,,,Buy 5.58 Carat Emerald black VVS2 Ideal Diamond. IGI Certified. SKU: 779671695. Price: $597.00. In Stock.,,,1,,,1,,,,,,,1986,1986,,white-diamond,,,,,,,,,,,,2309229,https://www.loosegrowndiamond.com/diamond/779671695/,https://www.loosegrowndiamond.com/wp-content/uploads/2021/10/emerald.png,products/2315077/emerald-392697f0e8d7.png
,simple,788685687,Round Cut 1.51 Carat J Color I1 Clarity Lab Grown Diamond,,,,,Buy 1.51 Carat Round red I1 Excellent Diamond. IGI Certified. SKU: 788685687. Price: $106.00. In Stock.,,,1,,,1,,,,,,,409,409,,white-diamond,,,,,,,,,,,,2309232,https://www.loosegrowndiamond.com/diamond/788685687/,https://www.loosegrowndiamond.com/wp-content/uploads/2021/10/round.png,products/2314107/round-bbb6e144f022.png
,simple,786682587,Round Cut 0.90 Carat D Color VS1 Clarity Lab Grown Diamond,,,,,,,,1,,,1,,,,,,,261,261,,white-diamond,,,,,,,,,,,,2309363,https://www.loosegrowndiamond.com/product/round-cut-0-90-carat-d-color-vs1-clarity-lab-grown-diamond-786682587/,https://www.loosegrowndiamond.com/wp-content/uploads/2021/10/round.png,products/2316437/round-bbb6e144f022.png
,simple,770686559,Round Cut 0.91 Carat E Color VS2 Clarity Lab Grown Diamond,,,,,,,,1,,,1,,,,,,,266,266,,white-diamond,,,,,,,,,,,,2309364,https://www.loosegrowndiamond.com/product/round-cut-0-91-carat-e-color-vs2-clarity-lab-grown-diamond-770686559/,https://www.loosegrowndiamond.com/wp-content/uploads/2021/10/round.png,products/2316437/round-bbb6e144f022.png
,simple,792663389,Round Cut 0.92 Carat D Color VS1 Clarity Lab Grown Diamond,,,,,Buy 0.92 Carat Round gray VS1 Very Good Diamond. IGI Certified. SKU: 792663389. Price: $67.00. In Stock.,,,1,,,1,,,,,,,271,271,,white-diamond,,,,,,,,,,,,2309365,https://www.loosegrowndiamond.com/diamond/792663389/,https://www.loosegrowndiamond.com/wp-content/uploads/2021/10/round.png,products/2314107/round-bbb6e144f022.png
,simple,760543481,Princess Cut 1.13 Carat Pink Color VS1 Clarity Lab Grown Diamond,,,,,,,,1,,,0,,,,,,,719,719,,color-diamond,,,,,,,,,,,,2309490,https://www.loosegrowndiamond.com/product/princess-cut-1-13-carat-pink-color-vs1-clarity-lab-grown-diamond-760543481/,https://www.loosegrowndiamond.com/wp-content/uploads/2021/10/princess_pink.png,products/2309490/princess_pink-682216c71d9a.png
,simple,726526886,Round Cut 0.80 Carat F Color VVS2 Clarity Lab Grown Diamond,,,,,,,,1,,,1,,,,,,,274,274,,white-diamond,,,,,,,,,,,,2309492,https://www.loosegrowndiamond.com/product/round-cut-0-80-carat-f-color-vvs2-clarity-lab-grown-diamond-726526886/,https://www.loosegrowndiamond.com/wp-content/uploads/2021/10/round.png,products/2314107/round-bbb6e144f022.png
,simple,809695714,Pear Cut 2.00 Carat D Color VVS1 Clarity Lab Grown Diamond,,,,,Buy 2.00 Carat Pear gray VVS1 Excellent Diamond. IGI Certified. SKU: 809695714. Price: $258.00. In Stock.,,,1,,,1,,,,,,,890,890,,white-diamond,,,,,,,,,,,,2309605,https://www.loosegrowndiamond.com/diamond/809695714/,https://www.loosegrowndiamond.com/wp-content/uploads/2021/10/pear.png,products/2316970/pear-faeb574d4b0d.png
,simple,763655116,Oval Cut 3.00 Carat F Color VVS2 Clarity Lab Grown Diamond,,,,,,,,1,,,1,,,,,,,946,946,,white-diamond,,,,,,,,,,,,2309607,https://www.loosegrowndiamond.com/product/oval-cut-3-00-carat-f-color-vvs2-clarity-lab-grown-diamond-763655116/,https://www.loosegrowndiamond.com/wp-content/uploads/2021/10/oval.png,products/2316140/oval-988a448bf884.png
,simple,805672177,Oval Cut 0.50 Carat E Color VVS2 Clarity Lab Grown Diamond,,,,,,,,1,,,1,,,,,,,199,199,,white-diamond,,,,,,,,,,,,2309721,https://www.loosegrowndiamond.com/product/oval-cut-0-50-carat-e-color-vvs2-clarity-lab-grown-diamond-805672177/,https://www.loosegrowndiamond.com/wp-content/uploads/2021/10/oval.png,products/2316971/oval-988a448bf884.png
,simple,805671677,Oval Cut 0.50 Carat E Color SI1 Clarity Lab Grown Diamond,,,,,Buy 0.50 Carat Oval black SI1 Ideal Diamond. IGI Certified. SKU: 805671677. Price: $34.00. In Stock.,,,1,,,1,,,,,,,180,180,,white-diamond,,,,,,,,,,,,2309722,https://www.loosegrowndiamond.com/diamond/805671677/,https://www.loosegrowndiamond.com/wp-content/uploads/2021/10/oval.png,products/2316971/oval-988a448bf884.png
,simple,753504664,Oval Cut 0.50 Carat E Color SI1 Clarity Lab Grown Diamond,,,,,Buy 0.50 Carat Oval black SI1 Ideal Diamond. IGI Certified. SKU: 753504664. Price: $65.00. In Stock.,,,1,,,1,,,,,,,183,183,,white-diamond,,,,,,,,,,,,2309723,https://www.loosegrowndiamond.com/diamond/753504664/,https://www.loosegrowndiamond.com/wp-content/uploads/2021/10/oval.png,products/2316140/oval-988a448bf884.png
,simple,660411709,Cushion Cut 1.60 Carat F Color VVS1 Clarity Lab Grown Diamond,,,,,,,,1,,,1,,,,,,,580,580,,white-diamond,,,,,,,,,,,,2309840,https://www.loosegrowndiamond.com/product/cushion-cut-1-60-carat-f-color-vvs1-clarity-lab-grown-diamond-660411709/,https://www.loosegrowndiamond.com/wp-content/uploads/2021/10/cushion.png,products/2315906/cushion-1f305250daae.png
,simple,805692131,Marquise Cut 3.07 Carat F Color VVS2 Clarity Lab Grown Diamond,,,,,,,,1,,,1,,,,,,,1020,1020,,white-diamond,,,,,,,,,,,,2309842,https://www.loosegrowndiamond.com/product/marquise-cut-3-07-carat-f-color-vvs2-clarity-lab-grown-diamond-805692131/,https://www.loosegrowndiamond.com/wp-content/uploads/2021/10/marquise.png,products/2316851/marquise-58d8d8a5cdc4.png
,simple,808608673,Round Cut 1.09 Carat Pink Color VVS2 Clarity Lab Grown Diamond,,,,,,,,1,,,0,,,,,,,853,853,,color-diamond,,,,,,,,,,,,2309969,https://www.loosegrowndiamond.com/product/round-cut-1-09-carat-pink-color-vvs2-clarity-lab-grown-diamond-808608673/,https://www.loosegrowndiamond.com/wp-content/uploads/2021/10/round_pink.png,products/2309969/round_pink-bb9e842f5bf3.png
,simple,749505353,Radiant Cut 4.06 Carat E Color IF Clarity Lab Grown Diamond,,,,,,,,1,,,1,,,,,,,4437,4437,,white-diamond,,,,,,,,,,,,2309971,https://www.loosegrowndiamond.com/product/radiant-cut-4-06-carat-e-color-if-clarity-lab-grown-diamond-749505353/,https://www.loosegrowndiamond.com/wp-content/uploads/2021/10/radiant.png,products/2316967/radiant-bbe6f8deda10.png
,simple,783616196,Oval Cut 3.80 Carat E Color VS1 Clarity Lab Grown Diamond,,,,,,,,1,,,1,,,,,,,1084,1084,,white-diamond,,,,,,,,,,,,2309974,https://www.loosegrowndiamond.com/product/oval-cut-3-80-carat-e-color-vs1-clarity-lab-grown-diamond-783616196/,https://www.loosegrowndiamond.com/wp-content/uploads/2021/10/oval.png,products/2316140/oval-988a448bf884.png
,simple,816651346,Oval Cut 2.74 Carat D Color VVS2 Clarity Lab Grown Diamond,,,,,Buy 2.74 Carat Oval gray VVS2 Ideal Diamond. IGI Certified. SKU: 816651346. Price: $830.00. In Stock.,,,1,,,1,,,,,,,1220,1220,,white-diamond,,,,,,,,,,,,2310097,https://www.loosegrowndiamond.com/diamond/816651346/,https://www.loosegrowndiamond.com/wp-content/uploads/2021/10/oval.png,products/2316971/oval-988a448bf884.png
,simple,680535513,Round Cut 2.46 Carat D Color IF Clarity Lab Grown Diamond,,,,,Buy 2.46 Carat Round gray IF Ideal Diamond. IGI Certified. SKU: 680535513. Price: $373.00. In Stock.,,,1,,,1,,,,,,,1437,1437,,white-diamond,,,,,,,,,,,,2310098,https://www.loosegrowndiamond.com/diamond/680535513/,https://www.loosegrowndiamond.com/wp-content/uploads/2021/10/round.png,products/2316437/round-bbb6e144f022.png
,simple,1529448870,Cushion Cut 2.90 Carat D Color FL Clarity Lab Grown Diamond,,,,,"Buy 2.90 Carat Cushion gray 11 Ideal Diamond. GIA Certified. SKU: 1529448870. Price: $3,344.00. In Stock.",,,1,,,1,,,,,,,9626,9626,,white-diamond,,,,,,,,,,,,2310100,https://www.loosegrowndiamond.com/diamond/1529448870/,https://www.loosegrowndiamond.com/wp-content/uploads/2021/10/cushion.png,products/2316559/cushion-1f305250daae.png
,simple,206640717,Marquise Cut 3.15 Carat G Color VS1 Clarity Lab Grown Diamond,,,,,Buy 3.15 Carat Marquise orange VS1 Excellent Diamond.  Certified. SKU: 206640717. Price: $205.00. In Stock.,,,1,,,1,,,,,,,657,657,,white-diamond,,,,,,,,,,,,2310203,https://www.loosegrowndiamond.com/diamond/206640717/,https://www.loosegrowndiamond.com/wp-content/uploads/2021/10/marquise.png,products/2316319/marquise-58d8d8a5cdc4.png
,simple,808639064,Radiant Cut 8.07 Carat F Color VVS2 Clarity Lab Grown Diamond,,,,,,,,1,,,1,,,,,,,2456,2456,,white-diamond,,,,,,,,,,,,2310206,https://www.loosegrowndiamond.com/product/radiant-cut-8-07-carat-f-color-vvs2-clarity-lab-grown-diamond-808639064/,https://www.loosegrowndiamond.com/wp-content/uploads/2021/10/radiant.png,products/2316973/radiant-bbe6f8deda10.png
,simple,771631426,Heart Cut 2.50 Carat E Color VVS2 Clarity Lab Grown Diamond,,,,,Buy 2.50 Carat Heart black VVS2 Ideal Diamond. IGI Certified. SKU: 771631426. Price: $242.00. In Stock.,,,1,,,1,,,,,,,763,763,,white-diamond,,,,,,,,,,,,2310355,https://www.loosegrowndiamond.com/diamond/771631426/,https://www.loosegrowndiamond.com/wp-content/uploads/2021/10/heart.png,products/2310355/heart-38882a05a919.png
,simple,779660505,Radiant Cut 3.97 Carat G Color VS1 Clarity Lab Grown Diamond,,,,,,,,1,,,1,,,,,,,1017,1017,,white-diamond,,,,,,,,,,,,2310356,https://www.loosegrowndiamond.com/product/radiant-cut-3-97-carat-g-color-vs1-clarity-lab-grown-diamond-779660505/,https://www.loosegrowndiamond.com/wp-content/uploads/2021/10/radiant.png,products/2316967/radiant-bbe6f8deda10.png
,simple,810625559,Emerald Cut 4.03 Carat E Color VVS2 Clarity Lab Grown Diamond,,,,,,,,1,,,1,,,,,,,1660,1660,,white-diamond,,,,,,,,,,,,2310357,https://www.loosegrowndiamond.com/product/emerald-cut-4-03-carat-e-color-vvs2-clarity-lab-grown-diamond-810625559/,https://www.loosegrowndiamond.com/wp-content/uploads/2021/10/emerald.png,products/2315081/emerald-392697f0e8d7.png
,simple,804655322,Emerald Cut 2.91 Carat D Color VVS1 Clarity Lab Grown Diamond,,,,,Buy 2.91 Carat Emerald gray VVS1 Ideal Diamond. IGI Certified. SKU: 804655322. Price: $352.00. In Stock.,,,1,,,1,,,,,,,1217,1217,,white-diamond,,,,,,,,,,,,2310474,https://www.loosegrowndiamond.com/diamond/804655322/,https://www.loosegrowndiamond.com/wp-content/uploads/2021/10/emerald.png,products/2315077/emerald-392697f0e8d7.png
,simple,764616369,Emerald Cut 3.22 Carat F Color VVS1 Clarity Lab Grown Diamond,,,,,,,,0,,,1,,,,,,,1144,1144,,white-diamond,,,,,,,,,,,,2310475,https://www.loosegrowndiamond.com/product/emerald-cut-3-22-carat-f-color-vvs1-clarity-lab-grown-diamond-764616369/,https://www.loosegrowndiamond.com/wp-content/uploads/2021/10/emerald.png,products/2315077/emerald-392697f0e8d7.png
,simple,603344405,Cushion Cut 5.14 Carat G Color VS1 Clarity Lab Grown Diamond,,,,,Buy 5.14 Carat Cushion orange VS1 Ideal Diamond. IGI Certified. SKU: 603344405. Price: $502.00. In Stock.,,,1,,,1,,,,,,,1666,1666,,white-diamond,,,,,,,,,,,,2310477,https://www.loosegrowndiamond.com/diamond/603344405/,https://www.loosegrowndiamond.com/wp-content/uploads/2021/10/cushion.png,products/2316559/cushion-1f305250daae.png
,simple,799676764,Marquise Cut 1.00 Carat D Color FL Clarity Lab Grown Diamond,,,,,Buy 1.00 Carat Marquise gray 11 Excellent Diamond. IGI Certified. SKU: 799676764. Price: $254.00. In Stock.,,,1,,,1,,,,,,,877,877,,white-diamond,,,,,,,,,,,,2310594,https://www.loosegrowndiamond.com/diamond/799676764/,https://www.loosegrowndiamond.com/wp-content/uploads/2021/10/marquise.png,products/2316319/marquise-58d8d8a5cdc4.png
,simple,809660151,Pear Cut 15.01 Carat Blue Color VS2 Clarity Lab Grown Diamond,,,,,"Buy 15.01 Carat Pear 4 5 VS2 Ideal Diamond. IGI Certified. SKU: 809660151. Price: $2,522.00. In Stock.",,,1,,,0,,,,,,,10433,10433,,color-diamond,,,,,,,,,,,,2310597,https://www.loosegrowndiamond.com/diamond/809660151/,https://www.loosegrowndiamond.com/wp-content/uploads/2021/10/pear_blue.png,products/2310597/pear_blue-ed0d688af662.png
,simple,816661872,Oval Cut 3.01 Carat E Color VS2 Clarity Lab Grown Diamond,,,,,,,,1,,,1,,,,,,,923,923,,white-diamond,,,,,,,,,,,,2310738,https://www.loosegrowndiamond.com/product/oval-cut-3-01-carat-e-color-vs2-clarity-lab-grown-diamond-816661872/,https://www.loosegrowndiamond.com/wp-content/uploads/2021/10/oval.png,products/2316971/oval-988a448bf884.png
,simple,253431134,Marquise Cut 5.07 Carat H Color VS1 Clarity Lab Grown Diamond,,,,,,,,1,,,1,,,,,,,1246,1246,,white-diamond,,,,,,,,,,,,2310739,https://www.loosegrowndiamond.com/product/marquise-cut-5-07-carat-h-color-vs1-clarity-lab-grown-diamond-253431134/,https://www.loosegrowndiamond.com/wp-content/uploads/2021/10/marquise.png,products/2316319/marquise-58d8d8a5cdc4.png
,simple,795612112,Marquise Cut 4.10 Carat E Color VVS1 Clarity Lab Grown Diamond,,,,,,,,1,,,1,,,,,,,2167,2167,,white-diamond,,,,,,,,,,,,2310741,https://www.loosegrowndiamond.com/product/marquise-cut-4-10-carat-e-color-vvs1-clarity-lab-grown-diamond-795612112/,https://www.loosegrowndiamond.com/wp-content/uploads/2021/10/marquise.png,products/2316851/marquise-58d8d8a5cdc4.png
,simple,778629578,Radiant Cut 3.50 Carat D Color VS1 Clarity Lab Grown Diamond,,,,,Buy 3.50 Carat Radiant gray VS1 Ideal Diamond. IGI Certified. SKU: 778629578. Price: $508.00. In Stock.,,,1,,,1,,,,,,,1347,1347,,white-diamond,,,,,,,,,,,,2310861,https://www.loosegrowndiamond.com/diamond/778629578/,https://www.loosegrowndiamond.com/wp-content/uploads/2021/10/radiant.png,products/2316967/radiant-bbe6f8deda10.png
,simple,237708267,Radiant Cut 3.55 Carat D Color VVS2 Clarity Lab Grown Diamond,,,,,,,,1,,,1,,,,,,,1300,1300,,white-diamond,,,,,,,,,,,,2310862,https://www.loosegrowndiamond.com/product/radiant-cut-3-55-carat-d-color-vvs2-clarity-lab-grown-diamond-237708267/,https://www.loosegrowndiamond.com/wp-content/uploads/2021/10/radiant.png,products/2316967/radiant-bbe6f8deda10.png
,simple,786628614,Oval Cut 2.92 Carat F Color SI1 Clarity Lab Grown Diamond,,,,,Buy 2.92 Carat Oval brown SI1 Ideal Diamond. IGI Certified. SKU: 786628614. Price: $305.00. In Stock.,,,1,,,1,,,,,,,1043,1043,,white-diamond,,,,,,,,,,,,2310864,https://www.loosegrowndiamond.com/diamond/786628614/,https://www.loosegrowndiamond.com/wp-content/uploads/2021/10/oval.png,products/2316140/oval-988a448bf884.png
,simple,810637533,Emerald Cut 3.00 Carat G Color VS1 Clarity Lab Grown Diamond,,,,,Buy 3.00 Carat Emerald orange VS1 Ideal Diamond. IGI Certified. SKU: 810637533. Price: $251.00. In Stock.,,,1,,,1,,,,,,,791,791,,white-diamond,,,,,,,,,,,,2311023,https://www.loosegrowndiamond.com/diamond/810637533/,https://www.loosegrowndiamond.com/wp-content/uploads/2021/10/emerald.png,products/2315077/emerald-392697f0e8d7.png
,simple,791636105,Radiant Cut 2.25 Carat E Color VS1 Clarity Lab Grown Diamond,,,,,,,,1,,,1,,,,,,,1563,1563,,white-diamond,,,,,,,,,,,,2311024,https://www.loosegrowndiamond.com/product/radiant-cut-2-25-carat-e-color-vs1-clarity-lab-grown-diamond-791636105/,https://www.loosegrowndiamond.com/wp-content/uploads/2021/10/radiant.png,products/2316967/radiant-bbe6f8deda10.png
,simple,740503941,Old mine Cut 2.01 Carat F Color VVS2 Clarity Lab Grown Diamond,,,,,,,,1,,,1,,,,,,,760,760,,white-diamond,,,,,,,,,,,,2311026,https://www.loosegrowndiamond.com/product/old-mine-cut-2-01-carat-f-color-vvs2-clarity-lab-grown-diamond-740503941/,https://www.loosegrowndiamond.com/wp-content/uploads/2022/06/old-mine.png,products/2311026/old-mine-71a620778361.png
,simple,811621878,Round Cut 2.00 Carat D Color FL Clarity Lab Grown Diamond,,,,,,,,1,,,1,,,,,,,1911,1911,,white-diamond,,,,,,,,,,,,2311142,https://www.loosegrowndiamond.com/product/round-cut-2-00-carat-d-color-fl-clarity-lab-grown-diamond-811621878/,https://www.loosegrowndiamond.com/wp-content/uploads/2021/10/round.png,products/2316437/round-bbb6e144f022.png
,simple,799645481,Round Cut 0.32 Carat D Color VS1 Clarity Lab Grown Diamond,,,,,,,,1,,,1,,,,,,,154,154,,white-diamond,,,,,,,,,,,,2311143,https://www.loosegrowndiamond.com/product/round-cut-0-32-carat-d-color-vs1-clarity-lab-grown-diamond-799645481/,https://www.loosegrowndiamond.com/wp-content/uploads/2021/10/round.png,products/2316437/round-bbb6e144f022.png
,simple,561266025,Radiant Cut 5.58 Carat G Color VS2 Clarity Lab Grown Diamond,,,,,Buy 5.58 Carat Radiant orange VS2 Ideal Diamond. IGI Certified. SKU: 561266025. Price: $346.00. In Stock.,,,1,,,1,,,,,,,1170,1170,,white-diamond,,,,,,,,,,,,2311145,https://www.loosegrowndiamond.com/diamond/561266025/,https://www.loosegrowndiamond.com/wp-content/uploads/2021/10/radiant.png,products/2316973/radiant-bbe6f8deda10.png
,simple,813684284,Oval Cut 2.50 Carat G Color VS1 Clarity Lab Grown Diamond,,,,,,,,1,,,1,,,,,,,596,596,,white-diamond,,,,,,,,,,,,2311289,https://www.loosegrowndiamond.com/product/oval-cut-2-50-carat-g-color-vs1-clarity-lab-grown-diamond-813684284/,https://www.loosegrowndiamond.com/wp-content/uploads/2021/10/oval.png,products/2316971/oval-988a448bf884.png
,simple,795627702,Oval Cut 0.96 Carat D Color VS1 Clarity Lab Grown Diamond,,,,,Buy 0.96 Carat Oval gray VS1 Ideal Diamond. IGI Certified. SKU: 795627702. Price: $78.00. In Stock.,,,1,,,1,,,,,,,319,319,,white-diamond,,,,,,,,,,,,2311300,https://www.loosegrowndiamond.com/diamond/795627702/,https://www.loosegrowndiamond.com/wp-content/uploads/2021/10/oval.png,products/2316140/oval-988a448bf884.png
,simple,251677334,Emerald Cut 0.38 Carat D Color VVS2 Clarity Lab Grown Diamond,,,,,,,,1,,,1,,,,,,,157,157,,white-diamond,,,,,,,,,,,,2311414,https://www.loosegrowndiamond.com/product/emerald-cut-0-38-carat-d-color-vvs2-clarity-lab-grown-diamond-251677334/,https://www.loosegrowndiamond.com/wp-content/uploads/2021/10/emerald.png,products/2315077/emerald-392697f0e8d7.png
,simple,361136085,Round Cut 1.71 Carat D Color IF Clarity Lab Grown Diamond,,,,,Buy 1.71 Carat Round gray IF Ideal Diamond. GCAL Certified. SKU: 361136085. Price: $546.00. In Stock.,,,1,,,1,,,,,,,1723,1723,,white-diamond,,,,,,,,,,,,2311415,https://www.loosegrowndiamond.com/diamond/361136085/,https://www.loosegrowndiamond.com/wp-content/uploads/2021/10/round.png,products/2316437/round-bbb6e144f022.png
,simple,813655921,Cushion Cut 3.12 Carat E Color IF Clarity Lab Grown Diamond,,,,,Buy 3.12 Carat Cushion black IF Ideal Diamond. IGI Certified. SKU: 813655921. Price: $689.00. In Stock.,,,1,,,1,,,,,,,1874,1874,,white-diamond,,,,,,,,,,,,2311418,https://www.loosegrowndiamond.com/diamond/813655921/,https://www.loosegrowndiamond.com/wp-content/uploads/2021/10/cushion.png,products/2315438/cushion-1f305250daae.png
,simple,743509880,Round Cut 4.60 Carat E Color VVS2 Clarity Lab Grown Diamond,,,,,Buy 4.60 Carat Round black VVS2 Ideal Diamond. IGI Certified. SKU: 743509880. Price: $514.00. In Stock.,,,1,,,1,,,,,,,1583,1583,,white-diamond,,,,,,,,,,,,2311542,https://www.loosegrowndiamond.com/diamond/743509880/,https://www.loosegrowndiamond.com/wp-content/uploads/2021/10/round.png,products/2316437/round-bbb6e144f022.png
,simple,789619626,Round Cut 4.50 Carat E Color VVS1 Clarity Lab Grown Diamond,,,,,,,,1,,,1,,,,,,,2049,2049,,white-diamond,,,,,,,,,,,,2311544,https://www.loosegrowndiamond.com/product/round-cut-4-50-carat-e-color-vvs1-clarity-lab-grown-diamond-789619626/,https://www.loosegrowndiamond.com/wp-content/uploads/2021/10/round.png,products/2316437/round-bbb6e144f022.png
,simple,704515481,Emerald Cut 6.19 Carat F Color VVS1 Clarity Lab Grown Diamond,,,,,,,,1,,,1,,,,,,,3106,3106,,white-diamond,,,,,,,,,,,,2311546,https://www.loosegrowndiamond.com/product/emerald-cut-6-19-carat-f-color-vvs1-clarity-lab-grown-diamond-704515481/,https://www.loosegrowndiamond.com/wp-content/uploads/2021/10/emerald.png,products/2315081/emerald-392697f0e8d7.png
,simple,797690837,Oval Cut 4.22 Carat E Color VS1 Clarity Lab Grown Diamond,,,,,Buy 4.22 Carat Oval black VS1 Ideal Diamond. IGI Certified. SKU: 797690837. Price: $554.00. In Stock.,,,1,,,1,,,,,,,1654,1654,,white-diamond,,,,,,,,,,,,2311679,https://www.loosegrowndiamond.com/diamond/797690837/,https://www.loosegrowndiamond.com/wp-content/uploads/2021/10/oval.png,products/2316971/oval-988a448bf884.png
,simple,787664700,Marquise Cut 1.81 Carat Brown Color VVS2 Clarity Lab Grown Diamond,,,,,,,,1,,,0,,,,,,,2139,2139,,color-diamond,,,,,,,,,,,,2311680,https://www.loosegrowndiamond.com/product/marquise-cut-1-81-carat-brown-color-vvs2-clarity-lab-grown-diamond-787664700/,https://www.loosegrowndiamond.com/wp-content/uploads/2021/10/marquise_brown.png,products/2311680/marquise_brown-dd9aae3dbeba.png
,simple,794615607,Oval Cut 1.55 Carat D Color VVS1 Clarity Lab Grown Diamond,,,,,,,,1,,,1,,,,,,,534,534,,white-diamond,,,,,,,,,,,,2311681,https://www.loosegrowndiamond.com/product/oval-cut-1-55-carat-d-color-vvs1-clarity-lab-grown-diamond-794615607/,https://www.loosegrowndiamond.com/wp-content/uploads/2021/10/oval.png,products/2316971/oval-988a448bf884.png
,simple,2231744055,Asscher Cut 2.33 Carat E Color VVS1 Clarity Lab Grown Diamond,,,,,Buy 2.33 Carat Asscher black VVS1 Ideal Diamond. GIA Certified. SKU: 2231744055. Price: $555.00. In Stock.,,,1,,,1,,,,,,,1834,1834,,white-diamond,,,,,,,,,,,,2311682,https://www.loosegrowndiamond.com/diamond/2231744055/,https://www.loosegrowndiamond.com/wp-content/uploads/2021/10/asscher.png,products/2311682/asscher-75d542b0e4dd.png
,simple,781653654,Marquise Cut 1.54 Carat D Color VVS2 Clarity Lab Grown Diamond,,,,,,,,0,,,1,,,,,,,951,951,,white-diamond,,,,,,,,,,,,2311684,https://www.loosegrowndiamond.com/product/marquise-cut-1-54-carat-d-color-vvs2-clarity-lab-grown-diamond-781653654/,https://www.loosegrowndiamond.com/wp-content/uploads/2021/10/marquise.png,products/2316851/marquise-58d8d8a5cdc4.png
,simple,786617412,Oval Cut 2.50 Carat D Color VVS1 Clarity Lab Grown Diamond,,,,,,,,1,,,1,,,,,,,1180,1180,,white-diamond,,,,,,,,,,,,2311792,https://www.loosegrowndiamond.com/product/oval-cut-2-50-carat-d-color-vvs1-clarity-lab-grown-diamond-786617412/,https://www.loosegrowndiamond.com/wp-content/uploads/2021/10/oval.png,products/2316971/oval-988a448bf884.png
,simple,7523716690,Pear Cut 2.96 Carat E Color VS1 Clarity Lab Grown Diamond,,,,,Buy 2.96 Carat Pear black VS1 Ideal Diamond. GIA Certified. SKU: 7523716690. Price: $959.00. In Stock.,,,1,,,1,,,,,,,2523,2523,,white-diamond,,,,,,,,,,,,2311793,https://www.loosegrowndiamond.com/diamond/7523716690/,https://www.loosegrowndiamond.com/wp-content/uploads/2021/10/pear.png,products/2316970/pear-faeb574d4b0d.png
,simple,1236218086,Pear Cut 2.77 Carat E Color VS1 Clarity Lab Grown Diamond,,,,,,,,1,,,1,,,,,,,3049,3049,,white-diamond,,,,,,,,,,,,2311795,https://www.loosegrowndiamond.com/product/pear-cut-2-77-carat-e-color-vs1-clarity-lab-grown-diamond-1236218086/,https://www.loosegrowndiamond.com/wp-content/uploads/2021/10/pear.png,products/2312051/pear-faeb574d4b0d.png
,simple,776629447,Round Cut 1.75 Carat E Color VS1 Clarity Lab Grown Diamond,,,,,,,,1,,,1,,,,,,,523,523,,white-diamond,,,,,,,,,,,,2311796,https://www.loosegrowndiamond.com/product/round-cut-1-75-carat-e-color-vs1-clarity-lab-grown-diamond-776629447/,https://www.loosegrowndiamond.com/wp-content/uploads/2021/10/round.png,products/2316139/round-bbb6e144f022.png
,simple,655457101,Round Cut 3.05 Carat E Color IF Clarity Lab Grown Diamond,,,,,,,,1,,,1,,,,,,,1691,1691,,white-diamond,,,,,,,,,,,,2311913,https://www.loosegrowndiamond.com/product/round-cut-3-05-carat-e-color-if-clarity-lab-grown-diamond-655457101/,https://www.loosegrowndiamond.com/wp-content/uploads/2021/10/round.png,products/2316437/round-bbb6e144f022.png
,simple,791643026,Cushion Cut 5.06 Carat E Color VS2 Clarity Lab Grown Diamond,,,,,,,,1,,,1,,,,,,,1389,1389,,white-diamond,,,,,,,,,,,,2311914,https://www.loosegrowndiamond.com/product/cushion-cut-5-06-carat-e-color-vs2-clarity-lab-grown-diamond-791643026/,https://www.loosegrowndiamond.com/wp-content/uploads/2021/10/cushion.png,products/2315906/cushion-1f305250daae.png
,simple,799626246,Cushion Cut 3.01 Carat E Color VS2 Clarity Lab Grown Diamond,,,,,Buy 3.01 Carat Cushion black VS2 Ideal Diamond. IGI Certified. SKU: 799626246. Price: $295.00. In Stock.,,,1,,,1,,,,,,,789,789,,white-diamond,,,,,,,,,,,,2311915,https://www.loosegrowndiamond.com/diamond/799626246/,https://www.loosegrowndiamond.com/wp-content/uploads/2021/10/cushion.png,products/2315906/cushion-1f305250daae.png
,simple,756562446,Oval Cut 2.55 Carat D Color VS1 Clarity Lab Grown Diamond,,,,,Buy 2.55 Carat Oval gray VS1 Ideal Diamond. IGI Certified. SKU: 756562446. Price: $316.00. In Stock.,,,1,,,1,,,,,,,1017,1017,,white-diamond,,,,,,,,,,,,2311916,https://www.loosegrowndiamond.com/diamond/756562446/,https://www.loosegrowndiamond.com/wp-content/uploads/2021/10/oval.png,products/2316140/oval-988a448bf884.png
,simple,787601804,Oval Cut 2.60 Carat D Color VVS1 Clarity Lab Grown Diamond,,,,,,,,1,,,1,,,,,,,1334,1334,,white-diamond,,,,,,,,,,,,2311917,https://www.loosegrowndiamond.com/product/oval-cut-2-60-carat-d-color-vvs1-clarity-lab-grown-diamond-787601804/,https://www.loosegrowndiamond.com/wp-content/uploads/2021/10/oval.png,products/2316440/oval-988a448bf884.png
,simple,705515794,Pear Cut 2.82 Carat E Color VVS1 Clarity Lab Grown Diamond,,,,,Buy 2.82 Carat Pear black VVS1 Ideal Diamond. IGI Certified. SKU: 705515794. Price: $451.00. In Stock.,,,1,,,1,,,,,,,1503,1503,,white-diamond,,,,,,,,,,,,2312047,https://www.loosegrowndiamond.com/diamond/705515794/,https://www.loosegrowndiamond.com/wp-content/uploads/2021/10/pear.png,products/2316970/pear-faeb574d4b0d.png
,simple,255285259,Round Cut 0.56 Carat D Color VVS2 Clarity Lab Grown Diamond,,,,,,,,1,,,1,,,,,,,173,173,,white-diamond,,,,,,,,,,,,2312050,https://www.loosegrowndiamond.com/product/round-cut-0-56-carat-d-color-vvs2-clarity-lab-grown-diamond-255285259/,https://www.loosegrowndiamond.com/wp-content/uploads/2021/10/round.png,products/2314107/round-bbb6e144f022.png
,simple,749549976,Pear Cut 2.50 Carat D Color VVS2 Clarity Lab Grown Diamond,,,,,Buy 2.50 Carat Pear gray VVS2 Ideal Diamond. IGI Certified. SKU: 749549976. Price: $350.00. In Stock.,,,1,,,1,,,,,,,1183,1183,,white-diamond,,,,,,,,,,,,2312051,https://www.loosegrowndiamond.com/diamond/749549976/,https://www.loosegrowndiamond.com/wp-content/uploads/2021/10/pear.png,products/2312051/pear-faeb574d4b0d.png
,simple,801615206,Marquise Cut 5.01 Carat F Color VVS2 Clarity Lab Grown Diamond,,,,,,,,1,,,1,,,,,,,1703,1703,,white-diamond,,,,,,,,,,,,2312167,https://www.loosegrowndiamond.com/product/marquise-cut-5-01-carat-f-color-vvs2-clarity-lab-grown-diamond-801615206/,https://www.loosegrowndiamond.com/wp-content/uploads/2021/10/marquise.png,products/2316319/marquise-58d8d8a5cdc4.png
,simple,811631509,Marquise Cut 5.02 Carat F Color VVS2 Clarity Lab Grown Diamond,,,,,Buy 5.02 Carat Marquise brown VVS2 Ideal Diamond. IGI Certified. SKU: 811631509. Price: $672.00. In Stock.,,,1,,,1,,,,,,,1780,1780,,white-diamond,,,,,,,,,,,,2312170,https://www.loosegrowndiamond.com/diamond/811631509/,https://www.loosegrowndiamond.com/wp-content/uploads/2021/10/marquise.png,products/2316851/marquise-58d8d8a5cdc4.png
,simple,809620699,Radiant Cut 3.03 Carat E Color VVS2 Clarity Lab Grown Diamond,,,,,,,,1,,,1,,,,,,,963,963,,white-diamond,,,,,,,,,,,,2312172,https://www.loosegrowndiamond.com/product/radiant-cut-3-03-carat-e-color-vvs2-clarity-lab-grown-diamond-809620699/,https://www.loosegrowndiamond.com/wp-content/uploads/2021/10/radiant.png,products/2316973/radiant-bbe6f8deda10.png
,simple,817690356,Oval Cut 3.08 Carat E Color VVS2 Clarity Lab Grown Diamond,,,,,,,,1,,,1,,,,,,,1014,1014,,white-diamond,,,,,,,,,,,,2312281,https://www.loosegrowndiamond.com/product/oval-cut-3-08-carat-e-color-vvs2-clarity-lab-grown-diamond-817690356/,https://www.loosegrowndiamond.com/wp-content/uploads/2021/10/oval.png,products/2316971/oval-988a448bf884.png
,simple,7538545703,Cushion Cut 2.83 Carat D Color IF Clarity Lab Grown Diamond,,,,,"Buy 2.83 Carat Cushion gray IF Ideal Diamond. GIA Certified. SKU: 7538545703. Price: $1,476.00. In Stock.",,,1,,,1,,,,,,,4289,4289,,white-diamond,,,,,,,,,,,,2312283,https://www.loosegrowndiamond.com/diamond/7538545703/,https://www.loosegrowndiamond.com/wp-content/uploads/2021/10/cushion.png,products/2315906/cushion-1f305250daae.png
,simple,717535577,Round Cut 3.10 Carat D Color VS1 Clarity Lab Grown Diamond,,,,,Buy 3.10 Carat Round gray VS1 Ideal Diamond. IGI Certified. SKU: 717535577. Price: $899.00. In Stock.,,,1,,,1,,,,,,,2640,2640,,white-diamond,,,,,,,,,,,,2312284,https://www.loosegrowndiamond.com/diamond/717535577/,https://www.loosegrowndiamond.com/wp-content/uploads/2021/10/round.png,products/2316437/round-bbb6e144f022.png
,simple,799638521,Radiant Cut 4.02 Carat E Color VVS2 Clarity Lab Grown Diamond,,,,,Buy 4.02 Carat Radiant black VVS2 Ideal Diamond. IGI Certified. SKU: 799638521. Price: $571.00. In Stock.,,,1,,,1,,,,,,,1539,1539,,white-diamond,,,,,,,,,,,,2312285,https://www.loosegrowndiamond.com/diamond/799638521/,https://www.loosegrowndiamond.com/wp-content/uploads/2021/10/radiant.png,products/2316973/radiant-bbe6f8deda10.png
,simple,205185637,Cushion Cut 2.15 Carat E Color I1 Clarity Lab Grown Diamond,,,,,Buy 2.15 Carat Cushion black I1 Ideal Diamond. IGI Certified. SKU: 205185637. Price: $107.00. In Stock.,,,1,,,1,,,,,,,411,411,,white-diamond,,,,,,,,,,,,2312286,https://www.loosegrowndiamond.com/diamond/205185637/,https://www.loosegrowndiamond.com/wp-content/uploads/2021/10/cushion.png,products/2316559/cushion-1f305250daae.png
,simple,7536314792,Emerald Cut 3.02 Carat D Color VVS2 Clarity Lab Grown Diamond,,,,,,,,1,,,1,,,,,,,2643,2643,,white-diamond,,,,,,,,,,,,2312524,https://www.loosegrowndiamond.com/product/emerald-cut-3-02-carat-d-color-vvs2-clarity-lab-grown-diamond-7536314792/,https://www.loosegrowndiamond.com/wp-content/uploads/2021/10/emerald.png,products/2315077/emerald-392697f0e8d7.png
,simple,768698596,Heart Cut 1.03 Carat Pink Color I1 Clarity Lab Grown Diamond,,,,,Buy 1.03 Carat Heart 3 2 I1 Ideal Diamond. IGI Certified. SKU: 768698596. Price: $148.00. In Stock.,,,1,,,0,,,,,,,676,676,,color-diamond,,,,,,,,,,,,2312525,https://www.loosegrowndiamond.com/diamond/768698596/,https://www.loosegrowndiamond.com/wp-content/uploads/2021/10/heart_pink.png,products/2312526/heart_pink-365f25fdb78c.png
,simple,795616242,Heart Cut 0.50 Carat Pink Color VS1 Clarity Lab Grown Diamond,,,,,Buy 0.50 Carat Heart 4 2 VS1 Ideal Diamond. IGI Certified. SKU: 795616242. Price: $75.00. In Stock.,,,1,,,0,,,,,,,429,429,,color-diamond,,,,,,,,,,,,2312526,https://www.loosegrowndiamond.com/diamond/795616242/,https://www.loosegrowndiamond.com/wp-content/uploads/2021/10/heart_pink.png,products/2312526/heart_pink-365f25fdb78c.png
,simple,797631887,Emerald Cut 3.02 Carat D Color IF Clarity Lab Grown Diamond,,,,,"Buy 3.02 Carat Emerald gray IF Ideal Diamond. IGI Certified. SKU: 797631887. Price: $1,215.00. In Stock.",,,1,,,1,,,,,,,3209,3209,,white-diamond,,,,,,,,,,,,2312527,https://www.loosegrowndiamond.com/diamond/797631887/,https://www.loosegrowndiamond.com/wp-content/uploads/2021/10/emerald.png,products/2315081/emerald-392697f0e8d7.png
,simple,6525067714,Radiant Cut 2.51 Carat D Color VVS2 Clarity Lab Grown Diamond,,,,,Buy 2.51 Carat Radiant gray VVS2 Ideal Diamond. GIA Certified. SKU: 6525067714. Price: $615.00. In Stock.,,,1,,,1,,,,,,,1829,1829,,white-diamond,,,,,,,,,,,,2312633,https://www.loosegrowndiamond.com/diamond/6525067714/,https://www.loosegrowndiamond.com/wp-content/uploads/2021/10/radiant.png,products/2316967/radiant-bbe6f8deda10.png
,simple,817692092,Hexagon Cut 4.39 Carat E Color VS1 Clarity Lab Grown Diamond,,,,,,,,1,,,1,,,,,,,1514,1514,,white-diamond,,,,,,,,,,,,2312637,https://www.loosegrowndiamond.com/product/hexagon-cut-4-39-carat-e-color-vs1-clarity-lab-grown-diamond-817692092/,https://www.loosegrowndiamond.com/wp-content/uploads/2022/06/hexagon.png,products/2312637/hexagon-23162b944fd0.png
,simple,LGD14-18962,Princess  Cut 8.34 Carat D Color VVS2 Clarity Lab Grown Diamond,,,,,"Buy 8.34 Carat Princess  gray VVS2 Ideal Diamond. IGI Certified. SKU: LGD14-18962. Price: $10,755.00. In Stock.",,,1,,,1,,,,,,,15364,15364,,white-diamond,,,,,,,,,,,,2312796,https://www.loosegrowndiamond.com/diamond/LGD14-18962/,https://www.loosegrowndiamond.com/wp-content/uploads/2021/10/princess.png,products/2312796/princess-7cc996821bc8.png
,simple,800637591,Marquise Cut 1.43 Carat E Color VVS2 Clarity Lab Grown Diamond,,,,,,,,1,,,1,,,,,,,433,433,,white-diamond,,,,,,,,,,,,2312811,https://www.loosegrowndiamond.com/product/marquise-cut-1-43-carat-e-color-vvs2-clarity-lab-grown-diamond-800637591/,https://www.loosegrowndiamond.com/wp-content/uploads/2021/10/marquise.png,products/2316851/marquise-58d8d8a5cdc4.png
,simple,767608927,Oval Cut 3.53 Carat Yellow Color VS2 Clarity Lab Grown Diamond,,,,,Buy 3.53 Carat Oval 4 1 VS2 Ideal Diamond. IGI Certified. SKU: 767608927. Price: $432.00. In Stock.,,,1,,,0,,,,,,,1834,1834,,color-diamond,,,,,,,,,,,,2312952,https://www.loosegrowndiamond.com/diamond/767608927/,https://www.loosegrowndiamond.com/wp-content/uploads/2021/10/oval_yellow.png,products/2312952/oval_yellow-f51b10270824.png
,simple,817687794,Marquise Cut 3.08 Carat F Color VS1 Clarity Lab Grown Diamond,,,,,Buy 3.08 Carat Marquise brown VS1 Ideal Diamond. IGI Certified. SKU: 817687794. Price: $286.00. In Stock.,,,1,,,1,,,,,,,980,980,,white-diamond,,,,,,,,,,,,2312953,https://www.loosegrowndiamond.com/diamond/817687794/,https://www.loosegrowndiamond.com/wp-content/uploads/2021/10/marquise.png,products/2316319/marquise-58d8d8a5cdc4.png
,simple,792643475,Marquise Cut 1.91 Carat F Color VVS2 Clarity Lab Grown Diamond,,,,,,,,1,,,1,,,,,,,611,611,,white-diamond,,,,,,,,,,,,2312956,https://www.loosegrowndiamond.com/product/marquise-cut-1-91-carat-f-color-vvs2-clarity-lab-grown-diamond-792643475/,https://www.loosegrowndiamond.com/wp-content/uploads/2021/10/marquise.png,products/2316851/marquise-58d8d8a5cdc4.png
,simple,712506614,Trapezoid Cut 0.52 Carat E Color VVS2 Clarity Lab Grown Diamond,,,,,Buy 0.52 Carat Trapezoid black VVS2 Ideal Diamond. IGI Certified. SKU: 712506614. Price: $163.00. In Stock.,,,1,,,1,,,,,,,443,443,,white-diamond,,,,,,,,,,,,2313069,https://www.loosegrowndiamond.com/diamond/712506614/,https://www.loosegrowndiamond.com/wp-content/uploads/2022/06/trapezoid.png,products/2313069/trapezoid-7ce5ebb34c06.png
,simple,795641196,Emerald Cut 3.00 Carat F Color VS1 Clarity Lab Grown Diamond,,,,,Buy 3.00 Carat Emerald brown VS1 Ideal Diamond. IGI Certified. SKU: 795641196. Price: $237.00. In Stock.,,,1,,,1,,,,,,,954,954,,white-diamond,,,,,,,,,,,,2313070,https://www.loosegrowndiamond.com/diamond/795641196/,https://www.loosegrowndiamond.com/wp-content/uploads/2021/10/emerald.png,products/2315077/emerald-392697f0e8d7.png
,simple,816634503,Marquise Cut 3.84 Carat F Color VVS2 Clarity Lab Grown Diamond,,,,,Buy 3.84 Carat Marquise brown VVS2 Ideal Diamond. IGI Certified. SKU: 816634503. Price: $334.00. In Stock.,,,1,,,1,,,,,,,1131,1131,,white-diamond,,,,,,,,,,,,2313073,https://www.loosegrowndiamond.com/diamond/816634503/,https://www.loosegrowndiamond.com/wp-content/uploads/2021/10/marquise.png,products/2316851/marquise-58d8d8a5cdc4.png
,simple,232008953,Marquise Cut 1.75 Carat Pink Color VS1 Clarity Lab Grown Diamond,,,,,Buy 1.75 Carat Marquise 4 2 VS1 Ideal Diamond. IGI Certified. SKU: 232008953. Price: $192.00. In Stock.,,,1,,,0,,,,,,,986,986,,color-diamond,,,,,,,,,,,,2313074,https://www.loosegrowndiamond.com/diamond/232008953/,https://www.loosegrowndiamond.com/wp-content/uploads/2021/10/marquise_pink.png,products/2313074/marquise_pink-421cbc775cf4.png
,simple,799689550,Pear Cut 1.00 Carat D Color VVS2 Clarity Lab Grown Diamond,,,,,,,,0,,,1,,,,,,,429,429,,white-diamond,,,,,,,,,,,,2313289,https://www.loosegrowndiamond.com/product/pear-cut-1-00-carat-d-color-vvs2-clarity-lab-grown-diamond-799689550/,https://www.loosegrowndiamond.com/wp-content/uploads/2021/10/pear.png,products/2316970/pear-faeb574d4b0d.png
,simple,813651575,Oval Cut 3.00 Carat D Color FL Clarity Lab Grown Diamond,,,,,"Buy 3.00 Carat Oval gray 11 Ideal Diamond. IGI Certified. SKU: 813651575. Price: $1,894.00. In Stock.",,,1,,,1,,,,,,,5483,5483,,white-diamond,,,,,,,,,,,,2313296,https://www.loosegrowndiamond.com/diamond/813651575/,https://www.loosegrowndiamond.com/wp-content/uploads/2021/10/oval.png,products/2316140/oval-988a448bf884.png
,simple,6482386363,Radiant Cut 2.53 Carat E Color VVS1 Clarity Lab Grown Diamond,,,,,Buy 2.53 Carat Radiant black VVS1 Ideal Diamond. GIA Certified. SKU: 6482386363. Price: $519.00. In Stock.,,,1,,,1,,,,,,,1719,1719,,white-diamond,,,,,,,,,,,,2313297,https://www.loosegrowndiamond.com/diamond/6482386363/,https://www.loosegrowndiamond.com/wp-content/uploads/2021/10/radiant.png,products/2316973/radiant-bbe6f8deda10.png
,simple,1509652471,Round Cut 2.44 Carat D Color VVS1 Clarity Lab Grown Diamond,,,,,,,,1,,,1,,,,,,,1974,1974,,white-diamond,,,,,,,,,,,,2313415,https://www.loosegrowndiamond.com/product/round-cut-2-44-carat-d-color-vvs1-clarity-lab-grown-diamond-1509652471/,https://www.loosegrowndiamond.com/wp-content/uploads/2021/10/round.png,products/2316437/round-bbb6e144f022.png
,simple,782623612,Marquise Cut 4.24 Carat E Color VVS2 Clarity Lab Grown Diamond,,,,,,,,1,,,1,,,,,,,1404,1404,,white-diamond,,,,,,,,,,,,2313416,https://www.loosegrowndiamond.com/product/marquise-cut-4-24-carat-e-color-vvs2-clarity-lab-grown-diamond-782623612/,https://www.loosegrowndiamond.com/wp-content/uploads/2021/10/marquise.png,products/2316319/marquise-58d8d8a5cdc4.png
,simple,817629149,Round Cut 1.02 Carat F Color VVS2 Clarity Lab Grown Diamond,,,,,Buy 1.02 Carat Round brown VVS2 Ideal Diamond. IGI Certified. SKU: 817629149. Price: $125.00. In Stock.,,,1,,,1,,,,,,,341,341,,white-diamond,,,,,,,,,,,,2313417,https://www.loosegrowndiamond.com/diamond/817629149/,https://www.loosegrowndiamond.com/wp-content/uploads/2021/10/round.png,products/2316437/round-bbb6e144f022.png
,simple,791643502,Round Cut 1.55 Carat F Color VS1 Clarity Lab Grown Diamond,,,,,,,,1,,,1,,,,,,,443,443,,white-diamond,,,,,,,,,,,,2313419,https://www.loosegrowndiamond.com/product/round-cut-1-55-carat-f-color-vs1-clarity-lab-grown-diamond-791643502/,https://www.loosegrowndiamond.com/wp-content/uploads/2021/10/round.png,products/2314107/round-bbb6e144f022.png
,simple,786692814,Oval Cut 0.49 Carat D Color VVS2 Clarity Lab Grown Diamond,,,,,Buy 0.49 Carat Oval gray VVS2 Ideal Diamond. IGI Certified. SKU: 786692814. Price: $78.00. In Stock.,,,1,,,1,,,,,,,217,217,,white-diamond,,,,,,,,,,,,2313420,https://www.loosegrowndiamond.com/diamond/786692814/,https://www.loosegrowndiamond.com/wp-content/uploads/2021/10/oval.png,products/2316140/oval-988a448bf884.png
,simple,598364910,Radiant Cut 3.51 Carat G Color VS1 Clarity Lab Grown Diamond,,,,,Buy 3.51 Carat Radiant orange VS1 Ideal Diamond. IGI Certified. SKU: 598364910. Price: $476.00. In Stock.,,,1,,,1,,,,,,,1431,1431,,white-diamond,,,,,,,,,,,,2313602,https://www.loosegrowndiamond.com/diamond/598364910/,https://www.loosegrowndiamond.com/wp-content/uploads/2021/10/radiant.png,products/2316967/radiant-bbe6f8deda10.png
,simple,791647267,Round Cut 1.54 Carat E Color VS2 Clarity Lab Grown Diamond,,,,,Buy 1.54 Carat Round black VS2 Ideal Diamond. IGI Certified. SKU: 791647267. Price: $131.00. In Stock.,,,1,,,1,,,,,,,449,449,,white-diamond,,,,,,,,,,,,2313609,https://www.loosegrowndiamond.com/diamond/791647267/,https://www.loosegrowndiamond.com/wp-content/uploads/2021/10/round.png,products/2314107/round-bbb6e144f022.png
,simple,790630106,Pear Cut 2.00 Carat E Color VVS1 Clarity Lab Grown Diamond,,,,,Buy 2.00 Carat Pear black VVS1 Ideal Diamond. IGI Certified. SKU: 790630106. Price: $252.00. In Stock.,,,1,,,1,,,,,,,687,687,,white-diamond,,,,,,,,,,,,2313722,https://www.loosegrowndiamond.com/diamond/790630106/,https://www.loosegrowndiamond.com/wp-content/uploads/2021/10/pear.png,products/2316970/pear-faeb574d4b0d.png
,simple,804667047,Oval Cut 3.26 Carat Pink Color VVS2 Clarity Lab Grown Diamond,,,,,,,,1,,,0,,,,,,,3361,3361,,color-diamond,,,,,,,,,,,,2313724,https://www.loosegrowndiamond.com/product/oval-cut-3-26-carat-pink-color-vvs2-clarity-lab-grown-diamond-804667047/,https://www.loosegrowndiamond.com/wp-content/uploads/2021/10/oval_pink.png,products/2313724/oval_pink-3d55948e446d.png
,simple,804667048,Oval Cut 3.35 Carat Pink Color VVS2 Clarity Lab Grown Diamond,,,,,Buy 3.35 Carat Oval 4 2 VVS2 Ideal Diamond. IGI Certified. SKU: 804667048. Price: $667.00. In Stock.,,,1,,,0,,,,,,,3247,3247,,color-diamond,,,,,,,,,,,,2313725,https://www.loosegrowndiamond.com/diamond/804667048/,https://www.loosegrowndiamond.com/wp-content/uploads/2021/10/oval_pink.png,products/2313724/oval_pink-3d55948e446d.png
,simple,742526669,Marquise Cut 2.51 Carat F Color VS2 Clarity Lab Grown Diamond,,,,,,,,1,,,1,,,,,,,747,747,,white-diamond,,,,,,,,,,,,2313727,https://www.loosegrowndiamond.com/product/marquise-cut-2-51-carat-f-color-vs2-clarity-lab-grown-diamond-742526669/,https://www.loosegrowndiamond.com/wp-content/uploads/2021/10/marquise.png,products/2316851/marquise-58d8d8a5cdc4.png
,simple,754589553,Pear Cut 0.50 Carat Brown Color VVS2 Clarity Lab Grown Diamond,,,,,Buy 0.50 Carat Pear 1 8 VVS2 Ideal Diamond. IGI Certified. SKU: 754589553. Price: $113.00. In Stock.,,,1,,,0,,,,,,,533,533,,color-diamond,,,,,,,,,,,,2313846,https://www.loosegrowndiamond.com/diamond/754589553/,https://www.loosegrowndiamond.com/wp-content/uploads/2021/10/pear_brown.png,products/2313846/pear_brown-802f8f0f5882.png
,simple,811626864,Pear Cut 2.51 Carat F Color VVS2 Clarity Lab Grown Diamond,,,,,,,,1,,,1,,,,,,,716,716,,white-diamond,,,,,,,,,,,,2313851,https://www.loosegrowndiamond.com/product/pear-cut-2-51-carat-f-color-vvs2-clarity-lab-grown-diamond-811626864/,https://www.loosegrowndiamond.com/wp-content/uploads/2021/10/pear.png,products/2316970/pear-faeb574d4b0d.png
,simple,6522765806,Oval Cut 2.86 Carat E Color VVS2 Clarity Lab Grown Diamond,,,,,"Buy 2.86 Carat Oval black VVS2 Ideal Diamond. GIA Certified. SKU: 6522765806. Price: $1,196.00. In Stock.",,,1,,,1,,,,,,,3489,3489,,white-diamond,,,,,,,,,,,,2313856,https://www.loosegrowndiamond.com/diamond/6522765806/,https://www.loosegrowndiamond.com/wp-content/uploads/2021/10/oval.png,products/2316440/oval-988a448bf884.png
,simple,800654370,Pear Cut 2.04 Carat G Color VS1 Clarity Lab Grown Diamond,,,,,Buy 2.04 Carat Pear orange VS1 Excellent Diamond. IGI Certified. SKU: 800654370. Price: $152.00. In Stock.,,,1,,,1,,,,,,,563,563,,white-diamond,,,,,,,,,,,,2313987,https://www.loosegrowndiamond.com/diamond/800654370/,https://www.loosegrowndiamond.com/wp-content/uploads/2021/10/pear.png,products/2316970/pear-faeb574d4b0d.png
,simple,799606090,Oval Cut 2.37 Carat E Color VVS2 Clarity Lab Grown Diamond,,,,,,,,1,,,1,,,,,,,914,914,,white-diamond,,,,,,,,,,,,2313989,https://www.loosegrowndiamond.com/product/oval-cut-2-37-carat-e-color-vvs2-clarity-lab-grown-diamond-799606090/,https://www.loosegrowndiamond.com/wp-content/uploads/2021/10/oval.png,products/2316971/oval-988a448bf884.png
,simple,804615668,Radiant Cut 5.28 Carat E Color VVS2 Clarity Lab Grown Diamond,,,,,,,,0,,,1,,,,,,,2409,2409,,white-diamond,,,,,,,,,,,,2313990,https://www.loosegrowndiamond.com/product/radiant-cut-5-28-carat-e-color-vvs2-clarity-lab-grown-diamond-804615668/,https://www.loosegrowndiamond.com/wp-content/uploads/2021/10/radiant.png,products/2316967/radiant-bbe6f8deda10.png
,simple,818629713,Oval Cut 3.00 Carat F Color VVS2 Clarity Lab Grown Diamond,,,,,Buy 3.00 Carat Oval brown VVS2 Ideal Diamond. IGI Certified. SKU: 818629713. Price: $276.00. In Stock.,,,1,,,1,,,,,,,947,947,,white-diamond,,,,,,,,,,,,2313992,https://www.loosegrowndiamond.com/diamond/818629713/,https://www.loosegrowndiamond.com/wp-content/uploads/2021/10/oval.png,products/2316140/oval-988a448bf884.png
,simple,257350245,Cushion Cut 0.95 Carat Yellow Color VS1 Clarity Lab Grown Diamond,,,,,,,,1,,,0,,,,,,,433,433,,color-diamond,,,,,,,,,,,,2314103,https://www.loosegrowndiamond.com/product/cushion-cut-0-95-carat-yellow-color-vs1-clarity-lab-grown-diamond-257350245/,https://www.loosegrowndiamond.com/wp-content/uploads/2021/10/cushion_yellow.png,products/2315558/cushion_yellow-37ac9c1f4623.png
,simple,776617844,Marquise Cut 2.68 Carat E Color VS1 Clarity Lab Grown Diamond,,,,,Buy 2.68 Carat Marquise black VS1 Ideal Diamond. IGI Certified. SKU: 776617844. Price: $255.00. In Stock.,,,1,,,1,,,,,,,881,881,,white-diamond,,,,,,,,,,,,2314104,https://www.loosegrowndiamond.com/diamond/776617844/,https://www.loosegrowndiamond.com/wp-content/uploads/2021/10/marquise.png,products/2316319/marquise-58d8d8a5cdc4.png
,simple,809674579,Round Cut 1.06 Carat D Color FL Clarity Lab Grown Diamond,,,,,Buy 1.06 Carat Round gray 11 Ideal Diamond. IGI Certified. SKU: 809674579. Price: $200.00. In Stock.,,,1,,,1,,,,,,,826,826,,white-diamond,,,,,,,,,,,,2314107,https://www.loosegrowndiamond.com/diamond/809674579/,https://www.loosegrowndiamond.com/wp-content/uploads/2021/10/round.png,products/2314107/round-bbb6e144f022.png
,simple,228055726,Oval Cut 2.02 Carat F Color SI1 Clarity Lab Grown Diamond,,,,,,,,1,,,1,,,,,,,469,469,,white-diamond,,,,,,,,,,,,2314212,https://www.loosegrowndiamond.com/product/oval-cut-2-02-carat-f-color-si1-clarity-lab-grown-diamond-228055726/,https://www.loosegrowndiamond.com/wp-content/uploads/2021/10/oval.png,products/2316971/oval-988a448bf884.png
,simple,653410196,Round Cut 2.29 Carat G Color VVS2 Clarity Lab Grown Diamond,,,,,Buy 2.29 Carat Round orange VVS2 Ideal Diamond. IGI Certified. SKU: 653410196. Price: $313.00. In Stock.,,,1,,,1,,,,,,,966,966,,white-diamond,,,,,,,,,,,,2314213,https://www.loosegrowndiamond.com/diamond/653410196/,https://www.loosegrowndiamond.com/wp-content/uploads/2021/10/round.png,products/2316437/round-bbb6e144f022.png
,simple,817657122,Radiant Cut 3.06 Carat D Color VS1 Clarity Lab Grown Diamond,,,,,Buy 3.06 Carat Radiant gray VS1 Ideal Diamond. IGI Certified. SKU: 817657122. Price: $378.00. In Stock.,,,1,,,1,,,,,,,1003,1003,,white-diamond,,,,,,,,,,,,2314214,https://www.loosegrowndiamond.com/diamond/817657122/,https://www.loosegrowndiamond.com/wp-content/uploads/2021/10/radiant.png,products/2316967/radiant-bbe6f8deda10.png
,simple,743594092,Round Cut 2.61 Carat D Color VVS1 Clarity Lab Grown Diamond,,,,,Buy 2.61 Carat Round gray VVS1 Ideal Diamond. IGI Certified. SKU: 743594092. Price: $347.00. In Stock.,,,1,,,1,,,,,,,1160,1160,,white-diamond,,,,,,,,,,,,2314216,https://www.loosegrowndiamond.com/diamond/743594092/,https://www.loosegrowndiamond.com/wp-content/uploads/2021/10/round.png,products/2316139/round-bbb6e144f022.png
,simple,658494012,Oval Cut 0.40 Carat Orange Color VS1 Clarity Lab Grown Diamond,,,,,Buy 0.40 Carat Oval 2 7 VS1 Ideal Diamond. IGI Certified. SKU: 658494012. Price: $86.00. In Stock.,,,1,,,0,,,,,,,430,430,,color-diamond,,,,,,,,,,,,2314217,https://www.loosegrowndiamond.com/diamond/658494012/,https://www.loosegrowndiamond.com/wp-content/uploads/2021/10/oval_orange.png,products/2314217/oval_orange-8d3dd2d87272.png
,simple,1535436108,Oval Cut 2.01 Carat D Color VVS2 Clarity Lab Grown Diamond,,,,,,,,0,,,1,,,,,,,1297,1297,,white-diamond,,,,,,,,,,,,2314323,https://www.loosegrowndiamond.com/product/oval-cut-2-01-carat-d-color-vvs2-clarity-lab-grown-diamond-1535436108/,https://www.loosegrowndiamond.com/wp-content/uploads/2021/10/oval.png,products/2316971/oval-988a448bf884.png
,simple,813675062,Round Cut 1.03 Carat D Color IF Clarity Lab Grown Diamond,,,,,Buy 1.03 Carat Round gray IF Ideal Diamond. IGI Certified. SKU: 813675062. Price: $252.00. In Stock.,,,1,,,1,,,,,,,659,659,,white-diamond,,,,,,,,,,,,2314324,https://www.loosegrowndiamond.com/diamond/813675062/,https://www.loosegrowndiamond.com/wp-content/uploads/2021/10/round.png,products/2316437/round-bbb6e144f022.png
,simple,805672853,Pear Cut 0.37 Carat Yellow Color VVS2 Clarity Lab Grown Diamond,,,,,Buy 0.37 Carat Pear 1 1 VVS2 Ideal Diamond. IGI Certified. SKU: 805672853. Price: $38.00. In Stock.,,,1,,,0,,,,,,,271,271,,color-diamond,,,,,,,,,,,,2314330,https://www.loosegrowndiamond.com/diamond/805672853/,https://www.loosegrowndiamond.com/wp-content/uploads/2021/10/pear_yellow.png,products/2314330/pear_yellow-c67e7d9a3987.png
,simple,815643590,Oval Cut 4.00 Carat E Color SI2 Clarity Lab Grown Diamond,,,,,Buy 4.00 Carat Oval black SI2 Ideal Diamond. IGI Certified. SKU: 815643590. Price: $272.00. In Stock.,,,1,,,1,,,,,,,934,934,,white-diamond,,,,,,,,,,,,2314434,https://www.loosegrowndiamond.com/diamond/815643590/,https://www.loosegrowndiamond.com/wp-content/uploads/2021/10/oval.png,products/2316971/oval-988a448bf884.png
,simple,791602975,Oval Cut 4.01 Carat F Color SI1 Clarity Lab Grown Diamond,,,,,Buy 4.01 Carat Oval brown SI1 Ideal Diamond. IGI Certified. SKU: 791602975. Price: $277.00. In Stock.,,,1,,,1,,,,,,,951,951,,white-diamond,,,,,,,,,,,,2314435,https://www.loosegrowndiamond.com/diamond/791602975/,https://www.loosegrowndiamond.com/wp-content/uploads/2021/10/oval.png,products/2316971/oval-988a448bf884.png
,simple,1533168557,Radiant Cut 4.27 Carat D Color VVS2 Clarity Lab Grown Diamond,,,,,"Buy 4.27 Carat Radiant gray VVS2 Ideal Diamond. GIA Certified. SKU: 1533168557. Price: $1,815.00. In Stock.",,,1,,,1,,,,,,,5257,5257,,white-diamond,,,,,,,,,,,,2314436,https://www.loosegrowndiamond.com/diamond/1533168557/,https://www.loosegrowndiamond.com/wp-content/uploads/2021/10/radiant.png,products/2316967/radiant-bbe6f8deda10.png
,simple,816655715,Cushion Cut 10.51 Carat Pink Color VVS2 Clarity Lab Grown Diamond,,,,,,,,1,,,0,,,,,,,7576,7576,,color-diamond,,,,,,,,,,,,2314438,https://www.loosegrowndiamond.com/product/cushion-cut-10-51-carat-pink-color-vvs2-clarity-lab-grown-diamond-816655715/,https://www.loosegrowndiamond.com/wp-content/uploads/2021/10/cushion_pink.png,products/2314438/cushion_pink-42b966e0ea16.png
,simple,645484429,Oval Cut 10.64 Carat Red Color VS1 Clarity Lab Grown Diamond,,,,,"Buy 10.64 Carat Oval 4 4 VS1 Ideal Diamond. IGI Certified. SKU: 645484429. Price: $2,703.00. In Stock.",,,1,,,0,,,,,,,10710,10710,,color-diamond,,,,,,,,,,,,2314439,https://www.loosegrowndiamond.com/diamond/645484429/,https://www.loosegrowndiamond.com/wp-content/uploads/2021/10/oval_red.png,products/2314439/oval_red-7e0f6e9baea6.png
,simple,794628463,Round Cut 0.25 Carat D Color VVS2 Clarity Lab Grown Diamond,,,,,Buy 0.25 Carat Round gray VVS2 Excellent Diamond. IGI Certified. SKU: 794628463. Price: $26.00. In Stock.,,,1,,,1,,,,,,,154,154,,white-diamond,,,,,,,,,,,,2314564,https://www.loosegrowndiamond.com/diamond/794628463/,https://www.loosegrowndiamond.com/wp-content/uploads/2021/10/round.png,products/2316437/round-bbb6e144f022.png
,simple,788641660,Marquise Cut 2.55 Carat F Color VVS2 Clarity Lab Grown Diamond,,,,,,,,1,,,1,,,,,,,1053,1053,,white-diamond,,,,,,,,,,,,2314570,https://www.loosegrowndiamond.com/product/marquise-cut-2-55-carat-f-color-vvs2-clarity-lab-grown-diamond-788641660/,https://www.loosegrowndiamond.com/wp-content/uploads/2021/10/marquise.png,products/2316851/marquise-58d8d8a5cdc4.png
,simple,818694833,Oval Cut 3.02 Carat E Color VS1 Clarity Lab Grown Diamond,,,,,Buy 3.02 Carat Oval black VS1 Ideal Diamond. IGI Certified. SKU: 818694833. Price: $365.00. In Stock.,,,1,,,1,,,,,,,973,973,,white-diamond,,,,,,,,,,,,2314686,https://www.loosegrowndiamond.com/diamond/818694833/,https://www.loosegrowndiamond.com/wp-content/uploads/2021/10/oval.png,products/2316971/oval-988a448bf884.png
,simple,804607426,Radiant Cut 3.54 Carat E Color VVS2 Clarity Lab Grown Diamond,,,,,,,,1,,,1,,,,,,,1260,1260,,white-diamond,,,,,,,,,,,,2314689,https://www.loosegrowndiamond.com/product/radiant-cut-3-54-carat-e-color-vvs2-clarity-lab-grown-diamond-804607426/,https://www.loosegrowndiamond.com/wp-content/uploads/2021/10/radiant.png,products/2316850/radiant-bbe6f8deda10.png
,simple,750558106,Radiant Cut 3.39 Carat G Color VS2 Clarity Lab Grown Diamond,,,,,Buy 3.39 Carat Radiant orange VS2 Ideal Diamond. IGI Certified. SKU: 750558106. Price: $275.00. In Stock.,,,1,,,1,,,,,,,857,857,,white-diamond,,,,,,,,,,,,2314690,https://www.loosegrowndiamond.com/diamond/750558106/,https://www.loosegrowndiamond.com/wp-content/uploads/2021/10/radiant.png,products/2316973/radiant-bbe6f8deda10.png
,simple,547232877,Emerald Cut 3.02 Carat F Color VS1 Clarity Lab Grown Diamond,,,,,"Buy 3.02 Carat Emerald brown VS1 Ideal Diamond. IGI Certified. SKU: 547232877. Price: $8,733.00. In Stock.",,,1,,,1,,,,,,,19264,19264,,white-diamond,,,,,,,,,,,,2314797,https://www.loosegrowndiamond.com/diamond/547232877/,https://www.loosegrowndiamond.com/wp-content/uploads/2021/10/emerald.png,products/2315077/emerald-392697f0e8d7.png
,simple,818616918,Oval Cut 4.11 Carat E Color VS1 Clarity Lab Grown Diamond,,,,,,,,1,,,1,,,,,,,1227,1227,,white-diamond,,,,,,,,,,,,2314798,https://www.loosegrowndiamond.com/product/oval-cut-4-11-carat-e-color-vs1-clarity-lab-grown-diamond-818616918/,https://www.loosegrowndiamond.com/wp-content/uploads/2021/10/oval.png,products/2316971/oval-988a448bf884.png
,simple,803681349,Marquise Cut 2.57 Carat E Color VVS2 Clarity Lab Grown Diamond,,,,,,,,0,,,1,,,,,,,1054,1054,,white-diamond,,,,,,,,,,,,2314800,https://www.loosegrowndiamond.com/product/marquise-cut-2-57-carat-e-color-vvs2-clarity-lab-grown-diamond-803681349/,https://www.loosegrowndiamond.com/wp-content/uploads/2021/10/marquise.png,products/2316851/marquise-58d8d8a5cdc4.png
,simple,784641801,Old mine Cut 2.06 Carat D Color VS1 Clarity Lab Grown Diamond,,,,,,,,1,,,1,,,,,,,994,994,,white-diamond,,,,,,,,,,,,2314908,https://www.loosegrowndiamond.com/product/old-mine-cut-2-06-carat-d-color-vs1-clarity-lab-grown-diamond-784641801/,https://www.loosegrowndiamond.com/wp-content/uploads/2022/06/old-mine.png,products/2314908/old-mine-71a620778361.png
,simple,804649926,Round Cut 3.84 Carat D Color FL Clarity Lab Grown Diamond,,,,,,,,1,,,1,,,,,,,5671,5671,,white-diamond,,,,,,,,,,,,2314911,https://www.loosegrowndiamond.com/product/round-cut-3-84-carat-d-color-fl-clarity-lab-grown-diamond-804649926/,https://www.loosegrowndiamond.com/wp-content/uploads/2021/10/round.png,products/2316139/round-bbb6e144f022.png
,simple,6237748261,Cushion Cut 2.00 Carat D Color VS1 Clarity Lab Grown Diamond,,,,,Buy 2.00 Carat Cushion gray VS1 Ideal Diamond. GIA Certified. SKU: 6237748261. Price: $352.00. In Stock.,,,1,,,1,,,,,,,1089,1089,,white-diamond,,,,,,,,,,,,2314913,https://www.loosegrowndiamond.com/diamond/6237748261/,https://www.loosegrowndiamond.com/wp-content/uploads/2021/10/cushion.png,products/2316559/cushion-1f305250daae.png
,simple,803660510,Emerald Cut 0.40 Carat D Color VVS2 Clarity Lab Grown Diamond,,,,,Buy 0.40 Carat Emerald gray VVS2 Ideal Diamond. IGI Certified. SKU: 803660510. Price: $42.00. In Stock.,,,1,,,1,,,,,,,204,204,,white-diamond,,,,,,,,,,,,2315077,https://www.loosegrowndiamond.com/diamond/803660510/,https://www.loosegrowndiamond.com/wp-content/uploads/2021/10/emerald.png,products/2315077/emerald-392697f0e8d7.png
,simple,620435602,Oval Cut 6.45 Carat F Color VVS2 Clarity Lab Grown Diamond,,,,,Buy 6.45 Carat Oval brown VVS2 Ideal Diamond. IGI Certified. SKU: 620435602. Price: $786.00. In Stock.,,,1,,,1,,,,,,,2077,2077,,white-diamond,,,,,,,,,,,,2315078,https://www.loosegrowndiamond.com/diamond/620435602/,https://www.loosegrowndiamond.com/wp-content/uploads/2021/10/oval.png,products/2316971/oval-988a448bf884.png
,simple,768632382,Emerald Cut 1.54 Carat D Color FL Clarity Lab Grown Diamond,,,,,Buy 1.54 Carat Emerald gray 11 Ideal Diamond. IGI Certified. SKU: 768632382. Price: $382.00. In Stock.,,,1,,,1,,,,,,,1174,1174,,white-diamond,,,,,,,,,,,,2315080,https://www.loosegrowndiamond.com/diamond/768632382/,https://www.loosegrowndiamond.com/wp-content/uploads/2021/10/emerald.png,products/2315561/emerald-392697f0e8d7.png
,simple,768632386,Emerald Cut 1.89 Carat D Color FL Clarity Lab Grown Diamond,,,,,Buy 1.89 Carat Emerald gray 11 Ideal Diamond. IGI Certified. SKU: 768632386. Price: $469.00. In Stock.,,,1,,,1,,,,,,,1411,1411,,white-diamond,,,,,,,,,,,,2315081,https://www.loosegrowndiamond.com/diamond/768632386/,https://www.loosegrowndiamond.com/wp-content/uploads/2021/10/emerald.png,products/2315081/emerald-392697f0e8d7.png
,simple,809637125,Emerald Cut 4.11 Carat D Color VVS1 Clarity Lab Grown Diamond,,,,,Buy 4.11 Carat Emerald gray VVS1 Ideal Diamond. IGI Certified. SKU: 809637125. Price: $896.00. In Stock.,,,1,,,1,,,,,,,2646,2646,,white-diamond,,,,,,,,,,,,2315199,https://www.loosegrowndiamond.com/diamond/809637125/,https://www.loosegrowndiamond.com/wp-content/uploads/2021/10/emerald.png,products/2315561/emerald-392697f0e8d7.png
,simple,800678777,Marquise Cut 1.40 Carat E Color IF Clarity Lab Grown Diamond,,,,,Buy 1.40 Carat Marquise black IF Ideal Diamond. IGI Certified. SKU: 800678777. Price: $217.00. In Stock.,,,1,,,1,,,,,,,691,691,,white-diamond,,,,,,,,,,,,2315200,https://www.loosegrowndiamond.com/diamond/800678777/,https://www.loosegrowndiamond.com/wp-content/uploads/2021/10/marquise.png,products/2316851/marquise-58d8d8a5cdc4.png
,simple,819646009,Pear Cut 2.00 Carat E Color VVS2 Clarity Lab Grown Diamond,,,,,,,,1,,,1,,,,,,,719,719,,white-diamond,,,,,,,,,,,,2315310,https://www.loosegrowndiamond.com/product/pear-cut-2-00-carat-e-color-vvs2-clarity-lab-grown-diamond-819646009/,https://www.loosegrowndiamond.com/wp-content/uploads/2021/10/pear.png,products/2316970/pear-faeb574d4b0d.png
,simple,790623067,Oval Cut 4.01 Carat D Color VVS1 Clarity Lab Grown Diamond,,,,,Buy 4.01 Carat Oval gray VVS1 Excellent Diamond. IGI Certified. SKU: 790623067. Price: $894.00. In Stock.,,,1,,,1,,,,,,,4017,4017,,white-diamond,,,,,,,,,,,,2315312,https://www.loosegrowndiamond.com/diamond/790623067/,https://www.loosegrowndiamond.com/wp-content/uploads/2021/10/oval.png,products/2316971/oval-988a448bf884.png
,simple,786658541,Oval Cut 6.54 Carat F Color VVS2 Clarity Lab Grown Diamond,,,,,Buy 6.54 Carat Oval brown VVS2 Ideal Diamond. IGI Certified. SKU: 786658541. Price: $752.00. In Stock.,,,1,,,1,,,,,,,2220,2220,,white-diamond,,,,,,,,,,,,2315314,https://www.loosegrowndiamond.com/diamond/786658541/,https://www.loosegrowndiamond.com/wp-content/uploads/2021/10/oval.png,products/2316440/oval-988a448bf884.png
,simple,802622661,Round Cut 1.04 Carat F Color VS1 Clarity Lab Grown Diamond,,,,,,,,1,,,1,,,,,,,323,323,,white-diamond,,,,,,,,,,,,2315433,https://www.loosegrowndiamond.com/product/round-cut-1-04-carat-f-color-vs1-clarity-lab-grown-diamond-802622661/,https://www.loosegrowndiamond.com/wp-content/uploads/2021/10/round.png,products/2316437/round-bbb6e144f022.png
,simple,811698831,Round Cut 3.50 Carat F Color VS1 Clarity Lab Grown Diamond,,,,,Buy 3.50 Carat Round brown VS1 Very Good Diamond. IGI Certified. SKU: 811698831. Price: $361.00. In Stock.,,,1,,,1,,,,,,,1103,1103,,white-diamond,,,,,,,,,,,,2315435,https://www.loosegrowndiamond.com/diamond/811698831/,https://www.loosegrowndiamond.com/wp-content/uploads/2021/10/round.png,products/2316437/round-bbb6e144f022.png
,simple,654483540,Cushion Cut 10.03 Carat F Color VS1 Clarity Lab Grown Diamond,,,,,"Buy 10.03 Carat Cushion brown VS1 Ideal Diamond. IGI Certified. SKU: 654483540. Price: $1,063.00. In Stock.",,,1,,,1,,,,,,,3486,3486,,white-diamond,,,,,,,,,,,,2315438,https://www.loosegrowndiamond.com/diamond/654483540/,https://www.loosegrowndiamond.com/wp-content/uploads/2021/10/cushion.png,products/2315438/cushion-1f305250daae.png
,simple,770621199,Oval Cut 2.24 Carat D Color VS2 Clarity Lab Grown Diamond,,,,,Buy 2.24 Carat Oval gray VS2 Ideal Diamond. IGI Certified. SKU: 770621199. Price: $206.00. In Stock.,,,1,,,1,,,,,,,660,660,,white-diamond,,,,,,,,,,,,2315439,https://www.loosegrowndiamond.com/diamond/770621199/,https://www.loosegrowndiamond.com/wp-content/uploads/2021/10/oval.png,products/2316140/oval-988a448bf884.png
,simple,747529094,Cushion Cut 3.10 Carat Yellow Color VVS1 Clarity Lab Grown Diamond,,,,,"Buy 3.10 Carat Cushion 2 1 VVS1 Ideal Diamond. IGI Certified. SKU: 747529094. Price: $1,204.00. In Stock.",,,1,,,0,,,,,,,4986,4986,,color-diamond,,,,,,,,,,,,2315558,https://www.loosegrowndiamond.com/diamond/747529094/,https://www.loosegrowndiamond.com/wp-content/uploads/2021/10/cushion_yellow.png,products/2315558/cushion_yellow-37ac9c1f4623.png
,simple,806604424,Emerald Cut 19.82 Carat G Color VVS2 Clarity Lab Grown Diamond,,,,,"Buy 19.82 Carat Emerald orange VVS2 Ideal Diamond. IGI Certified. SKU: 806604424. Price: $3,409.00. In Stock.",,,1,,,1,,,,,,,10894,10894,,white-diamond,,,,,,,,,,,,2315561,https://www.loosegrowndiamond.com/diamond/806604424/,https://www.loosegrowndiamond.com/wp-content/uploads/2021/10/emerald.png,products/2315561/emerald-392697f0e8d7.png
,simple,715544098,Old european Cut 2.38 Carat E Color VS1 Clarity Lab Grown Diamond,,,,,,,,1,,,1,,,,,,,1043,1043,,white-diamond,,,,,,,,,,,,2315562,https://www.loosegrowndiamond.com/product/old-european-cut-2-38-carat-e-color-vs1-clarity-lab-grown-diamond-715544098/,https://www.loosegrowndiamond.com/wp-content/uploads/2022/06/old-european.png,products/2315562/old-european-a809466d03cd.png
,simple,253308893,Round Cut 1.00 Carat G Color VS1 Clarity Lab Grown Diamond,,,,,,,,1,,,1,,,,,,,274,274,,white-diamond,,,,,,,,,,,,2315677,https://www.loosegrowndiamond.com/product/round-cut-1-00-carat-g-color-vs1-clarity-lab-grown-diamond-253308893/,https://www.loosegrowndiamond.com/wp-content/uploads/2021/10/round.png,products/2316437/round-bbb6e144f022.png
,simple,712534856,Cushion Cut 8.00 Carat F Color VVS2 Clarity Lab Grown Diamond,,,,,Buy 8.00 Carat Cushion brown VVS2 Ideal Diamond. IGI Certified. SKU: 712534856. Price: $909.00. In Stock.,,,1,,,1,,,,,,,2669,2669,,white-diamond,,,,,,,,,,,,2315682,https://www.loosegrowndiamond.com/diamond/712534856/,https://www.loosegrowndiamond.com/wp-content/uploads/2021/10/cushion.png,products/2316559/cushion-1f305250daae.png
,simple,799643928,Round Cut 2.04 Carat D Color FL Clarity Lab Grown Diamond,,,,,Buy 2.04 Carat Round gray 11 Ideal Diamond. IGI Certified. SKU: 799643928. Price: $584.00. In Stock.,,,1,,,1,,,,,,,1740,1740,,white-diamond,,,,,,,,,,,,2315787,https://www.loosegrowndiamond.com/diamond/799643928/,https://www.loosegrowndiamond.com/wp-content/uploads/2021/10/round.png,products/2316437/round-bbb6e144f022.png
,simple,817657345,Marquise Cut 2.05 Carat G Color VS1 Clarity Lab Grown Diamond,,,,,,,,1,,,1,,,,,,,580,580,,white-diamond,,,,,,,,,,,,2315790,https://www.loosegrowndiamond.com/product/marquise-cut-2-05-carat-g-color-vs1-clarity-lab-grown-diamond-817657345/,https://www.loosegrowndiamond.com/wp-content/uploads/2021/10/marquise.png,products/2316851/marquise-58d8d8a5cdc4.png
,simple,722511375,Cushion Cut 1.38 Carat D Color VS1 Clarity Lab Grown Diamond,,,,,Buy 1.38 Carat Cushion gray VS1 Ideal Diamond. IGI Certified. SKU: 722511375. Price: $106.00. In Stock.,,,1,,,1,,,,,,,404,404,,white-diamond,,,,,,,,,,,,2315906,https://www.loosegrowndiamond.com/diamond/722511375/,https://www.loosegrowndiamond.com/wp-content/uploads/2021/10/cushion.png,products/2315906/cushion-1f305250daae.png
,simple,752550540,Radiant Cut 1.51 Carat Yellow Color VS1 Clarity Lab Grown Diamond,,,,,Buy 1.51 Carat Radiant 2 1 VS1 Ideal Diamond. IGI Certified. SKU: 752550540. Price: $223.00. In Stock.,,,1,,,0,,,,,,,861,861,,color-diamond,,,,,,,,,,,,2315907,https://www.loosegrowndiamond.com/diamond/752550540/,https://www.loosegrowndiamond.com/wp-content/uploads/2021/10/radiant_yellow.png,products/2315907/radiant_yellow-c3878f1ae2f0.png
,simple,786647295,Round Cut 1.26 Carat Blue Color VVS2 Clarity Lab Grown Diamond,,,,,Buy 1.26 Carat Round 4 5 VVS2 Ideal Diamond. IGI Certified. SKU: 786647295. Price: $147.00. In Stock.,,,1,,,0,,,,,,,671,671,,color-diamond,,,,,,,,,,,,2315909,https://www.loosegrowndiamond.com/diamond/786647295/,https://www.loosegrowndiamond.com/wp-content/uploads/2021/10/round_blue.png,products/2315909/round_blue-e18b8459c0db.png
,simple,805607512,Cushion Cut 1.50 Carat E Color VVS2 Clarity Lab Grown Diamond,,,,,Buy 1.50 Carat Cushion black VVS2 Very Good Diamond. IGI Certified. SKU: 805607512. Price: $126.00. In Stock.,,,1,,,1,,,,,,,471,471,,white-diamond,,,,,,,,,,,,2315910,https://www.loosegrowndiamond.com/diamond/805607512/,https://www.loosegrowndiamond.com/wp-content/uploads/2021/10/cushion.png,products/2316559/cushion-1f305250daae.png
,simple,819696315,Radiant Cut 3.05 Carat E Color VVS2 Clarity Lab Grown Diamond,,,,,,,,0,,,1,,,,,,,1020,1020,,white-diamond,,,,,,,,,,,,2316021,https://www.loosegrowndiamond.com/product/radiant-cut-3-05-carat-e-color-vvs2-clarity-lab-grown-diamond-819696315/,https://www.loosegrowndiamond.com/wp-content/uploads/2021/10/radiant.png,products/2316850/radiant-bbe6f8deda10.png
,simple,813684565,Radiant Cut 15.07 Carat Pink Color VS1 Clarity Lab Grown Diamond,,,,,"Buy 15.07 Carat Radiant 4 2 VS1 Ideal Diamond. IGI Certified. SKU: 813684565. Price: $2,681.00. In Stock.",,,1,,,0,,,,,,,11014,11014,,color-diamond,,,,,,,,,,,,2316136,https://www.loosegrowndiamond.com/diamond/813684565/,https://www.loosegrowndiamond.com/wp-content/uploads/2021/10/radiant_pink.png,products/2316136/radiant_pink-d66a370591ff.png
,simple,2538446920,Round Cut 2.10 Carat D Color IF Clarity Lab Grown Diamond,,,,,,,,0,,,1,,,,,,,2820,2820,,white-diamond,,,,,,,,,,,,2316139,https://www.loosegrowndiamond.com/product/round-cut-2-10-carat-d-color-if-clarity-lab-grown-diamond-2538446920/,https://www.loosegrowndiamond.com/wp-content/uploads/2021/10/round.png,products/2316139/round-bbb6e144f022.png
,simple,12958909,Oval Cut 0.80 Carat F Color VS1 Clarity Lab Grown Diamond,,,,,Buy 0.80 Carat Oval brown VS1 Excellent Diamond. IGI Certified. SKU: 12958909. Price: $88.00. In Stock.,,,1,,,1,,,,,,,406,406,,white-diamond,,,,,,,,,,,,2316140,https://www.loosegrowndiamond.com/diamond/12958909/,https://www.loosegrowndiamond.com/wp-content/uploads/2021/10/oval.png,products/2316140/oval-988a448bf884.png
,simple,799626413,Round Cut 2.00 Carat E Color SI1 Clarity Lab Grown Diamond,,,,,,,,1,,,1,,,,,,,497,497,,white-diamond,,,,,,,,,,,,2316317,https://www.loosegrowndiamond.com/product/round-cut-2-00-carat-e-color-si1-clarity-lab-grown-diamond-799626413/,https://www.loosegrowndiamond.com/wp-content/uploads/2021/10/round.png,products/2316437/round-bbb6e144f022.png
,simple,698546899,Cushion Cut 4.05 Carat Pink Color VVS1 Clarity Lab Grown Diamond,,,,,Buy 4.05 Carat Cushion 4 2 VVS1 Ideal Diamond. IGI Certified. SKU: 698546899. Price: $729.00. In Stock.,,,1,,,1,,,,,,,3543,3543,,color-diamond,,,,,,,,,,,,2316318,https://www.loosegrowndiamond.com/diamond/698546899/,https://www.loosegrowndiamond.com/wp-content/uploads/2021/10/cushion_pink.png,products/2316318/cushion_pink-42b966e0ea16.png
,simple,253288981,Marquise Cut 1.00 Carat D Color VS1 Clarity Lab Grown Diamond,,,,,,,,1,,,1,,,,,,,310,310,,white-diamond,,,,,,,,,,,,2316319,https://www.loosegrowndiamond.com/product/marquise-cut-1-00-carat-d-color-vs1-clarity-lab-grown-diamond-253288981/,https://www.loosegrowndiamond.com/wp-content/uploads/2021/10/marquise.png,products/2316319/marquise-58d8d8a5cdc4.png
,simple,799647995,Round Cut 2.98 Carat D Color FL Clarity Lab Grown Diamond,,,,,,,,1,,,1,,,,,,,3120,3120,,white-diamond,,,,,,,,,,,,2316437,https://www.loosegrowndiamond.com/product/round-cut-2-98-carat-d-color-fl-clarity-lab-grown-diamond-799647995/,https://www.loosegrowndiamond.com/wp-content/uploads/2021/10/round.png,products/2316437/round-bbb6e144f022.png
,simple,732554711,Oval Cut 3.71 Carat E Color VVS2 Clarity Lab Grown Diamond,,,,,,,,0,,,1,,,,,,,1714,1714,,white-diamond,,,,,,,,,,,,2316440,https://www.loosegrowndiamond.com/product/oval-cut-3-71-carat-e-color-vvs2-clarity-lab-grown-diamond-732554711/,https://www.loosegrowndiamond.com/wp-content/uploads/2021/10/oval.png,products/2316440/oval-988a448bf884.png
,simple,794639280,Heart Cut 0.54 Carat D Color VVS2 Clarity Lab Grown Diamond,,,,,Buy 0.54 Carat Heart gray VVS2 Ideal Diamond. IGI Certified. SKU: 794639280. Price: $56.00. In Stock.,,,1,,,1,,,,,,,249,249,,white-diamond,,,,,,,,,,,,2316441,https://www.loosegrowndiamond.com/diamond/794639280/,https://www.loosegrowndiamond.com/wp-content/uploads/2021/10/heart.png,products/2316441/heart-38882a05a919.png
,simple,768605650,Oval Cut 1.52 Carat F Color VS1 Clarity Lab Grown Diamond,,,,,,,,1,,,1,,,,,,,454,454,,white-diamond,,,,,,,,,,,,2316553,https://www.loosegrowndiamond.com/product/oval-cut-1-52-carat-f-color-vs1-clarity-lab-grown-diamond-768605650/,https://www.loosegrowndiamond.com/wp-content/uploads/2021/10/oval.png,products/2316971/oval-988a448bf884.png
,simple,776643498,Radiant Cut 5.06 Carat D Color VVS2 Clarity Lab Grown Diamond,,,,,"Buy 5.06 Carat Radiant gray VVS2 Ideal Diamond. IGI Certified. SKU: 776643498. Price: $1,250.00. In Stock.",,,1,,,1,,,,,,,3363,3363,,white-diamond,,,,,,,,,,,,2316554,https://www.loosegrowndiamond.com/diamond/776643498/,https://www.loosegrowndiamond.com/wp-content/uploads/2021/10/radiant.png,products/2316967/radiant-bbe6f8deda10.png
,simple,816686240,Oval Cut 2.01 Carat F Color VVS1 Clarity Lab Grown Diamond,,,,,Buy 2.01 Carat Oval brown VVS1 Ideal Diamond. IGI Certified. SKU: 816686240. Price: $195.00. In Stock.,,,1,,,1,,,,,,,629,629,,white-diamond,,,,,,,,,,,,2316557,https://www.loosegrowndiamond.com/diamond/816686240/,https://www.loosegrowndiamond.com/wp-content/uploads/2021/10/oval.png,products/2316971/oval-988a448bf884.png
,simple,261355455,Old european Cut 5.03 Carat G Color VS2 Clarity Lab Grown Diamond,,,,,,,,1,,,1,,,,,,,2449,2449,,white-diamond,,,,,,,,,,,,2316558,https://www.loosegrowndiamond.com/product/old-european-cut-5-03-carat-g-color-vs2-clarity-lab-grown-diamond-261355455/,https://www.loosegrowndiamond.com/wp-content/uploads/2022/06/old-european.png,products/2316558/old-european-a809466d03cd.png
,simple,259804316,Cushion Cut 2.35 Carat E Color VS1 Clarity Lab Grown Diamond,,,,,Buy 2.35 Carat Cushion black VS1 Ideal Diamond. IGI Certified. SKU: 259804316. Price: $223.00. In Stock.,,,1,,,1,,,,,,,780,780,,white-diamond,,,,,,,,,,,,2316559,https://www.loosegrowndiamond.com/diamond/259804316/,https://www.loosegrowndiamond.com/wp-content/uploads/2021/10/cushion.png,products/2316559/cushion-1f305250daae.png
,simple,700501634,Pear Cut 1.73 Carat D Color VVS2 Clarity Lab Grown Diamond,,,,,Buy 1.73 Carat Pear gray VVS2 Excellent Diamond. IGI Certified. SKU: 700501634. Price: $183.00. In Stock.,,,1,,,1,,,,,,,703,703,,white-diamond,,,,,,,,,,,,2316671,https://www.loosegrowndiamond.com/diamond/700501634/,https://www.loosegrowndiamond.com/wp-content/uploads/2021/10/pear.png,products/2316970/pear-faeb574d4b0d.png
,simple,7536702404,Radiant Cut 2.72 Carat E Color VVS2 Clarity Lab Grown Diamond,,,,,Buy 2.72 Carat Radiant black VVS2 Ideal Diamond. GIA Certified. SKU: 7536702404. Price: $684.00. In Stock.,,,1,,,1,,,,,,,2243,2243,,white-diamond,,,,,,,,,,,,2316674,https://www.loosegrowndiamond.com/diamond/7536702404/,https://www.loosegrowndiamond.com/wp-content/uploads/2021/10/radiant.png,products/2316850/radiant-bbe6f8deda10.png
,simple,811635450,Radiant Cut 2.36 Carat D Color VVS1 Clarity Lab Grown Diamond,,,,,Buy 2.36 Carat Radiant gray VVS1 Ideal Diamond. IGI Certified. SKU: 811635450. Price: $290.00. In Stock.,,,1,,,1,,,,,,,820,820,,white-diamond,,,,,,,,,,,,2316845,https://www.loosegrowndiamond.com/diamond/811635450/,https://www.loosegrowndiamond.com/wp-content/uploads/2021/10/radiant.png,products/2316967/radiant-bbe6f8deda10.png
,simple,784633446,Radiant Cut 2.96 Carat D Color VVS2 Clarity Lab Grown Diamond,,,,,Buy 2.96 Carat Radiant gray VVS2 Ideal Diamond. IGI Certified. SKU: 784633446. Price: $299.00. In Stock.,,,1,,,1,,,,,,,1020,1020,,white-diamond,,,,,,,,,,,,2316850,https://www.loosegrowndiamond.com/diamond/784633446/,https://www.loosegrowndiamond.com/wp-content/uploads/2021/10/radiant.png,products/2316850/radiant-bbe6f8deda10.png
,simple,782644038,Marquise Cut 1.05 Carat D Color VVS2 Clarity Lab Grown Diamond,,,,,Buy 1.05 Carat Marquise gray VVS2 Excellent Diamond. IGI Certified. SKU: 782644038. Price: $126.00. In Stock.,,,1,,,1,,,,,,,431,431,,white-diamond,,,,,,,,,,,,2316851,https://www.loosegrowndiamond.com/diamond/782644038/,https://www.loosegrowndiamond.com/wp-content/uploads/2021/10/marquise.png,products/2316851/marquise-58d8d8a5cdc4.png
,simple,813614517,Radiant Cut 3.07 Carat D Color VVS2 Clarity Lab Grown Diamond,,,,,Buy 3.07 Carat Radiant gray VVS2 Ideal Diamond. IGI Certified. SKU: 813614517. Price: $332.00. In Stock.,,,1,,,1,,,,,,,1126,1126,,white-diamond,,,,,,,,,,,,2316967,https://www.loosegrowndiamond.com/diamond/813614517/,https://www.loosegrowndiamond.com/wp-content/uploads/2021/10/radiant.png,products/2316967/radiant-bbe6f8deda10.png
,simple,818636837,Pear Cut 4.01 Carat F Color VS1 Clarity Lab Grown Diamond,,,,,Buy 4.01 Carat Pear brown VS1 Ideal Diamond. IGI Certified. SKU: 818636837. Price: $400.00. In Stock.,,,1,,,1,,,,,,,1214,1214,,white-diamond,,,,,,,,,,,,2316970,https://www.loosegrowndiamond.com/diamond/818636837/,https://www.loosegrowndiamond.com/wp-content/uploads/2021/10/pear.png,products/2316970/pear-faeb574d4b0d.png
,simple,799656767,Oval Cut 2.51 Carat G Color VVS2 Clarity Lab Grown Diamond,,,,,,,,1,,,1,,,,,,,683,683,,white-diamond,,,,,,,,,,,,2316971,https://www.loosegrowndiamond.com/product/oval-cut-2-51-carat-g-color-vvs2-clarity-lab-grown-diamond-799656767/,https://www.loosegrowndiamond.com/wp-content/uploads/2021/10/oval.png,products/2316971/oval-988a448bf884.png
,simple,771651393,Oval Cut 2.06 Carat F Color VVS1 Clarity Lab Grown Diamond,,,,,,,,0,,,1,,,,,,,671,671,,white-diamond,,,,,,,,,,,,2316972,https://www.loosegrowndiamond.com/product/oval-cut-2-06-carat-f-color-vvs1-clarity-lab-grown-diamond-771651393/,https://www.loosegrowndiamond.com/wp-content/uploads/2021/10/oval.png,products/2316971/oval-988a448bf884.png
,simple,782615096,Radiant Cut 2.01 Carat H Color VVS2 Clarity Lab Grown Diamond,,,,,Buy 2.01 Carat Radiant green VVS2 Ideal Diamond. IGI Certified. SKU: 782615096. Price: $177.00. In Stock.,,,1,,,1,,,,,,,577,577,,white-diamond,,,,,,,,,,,,2316973,https://www.loosegrowndiamond.com/diamond/782615096/,https://www.loosegrowndiamond.com/wp-content/uploads/2021/10/radiant.png,products/2316973/radiant-bbe6f8deda10.png
,simple,768683628,Radiant Cut 4.52 Carat E Color VVS1 Clarity Lab Grown Diamond,,,,,Buy 4.52 Carat Radiant black VVS1 Ideal Diamond. IGI Certified. SKU: 768683628. Price: $792.00. In Stock.,,,1,,,1,,,,,,,2334,2334,,white-diamond,,,,,,,,,,,,2317129,https://www.loosegrowndiamond.com/diamond/768683628/,https://www.loosegrowndiamond.com/wp-content/uploads/2021/10/radiant.png,products/2317129/radiant-bbe6f8deda10.png
,simple,807666266,Radiant Cut 4.03 Carat F Color VVS1 Clarity Lab Grown Diamond,,,,,Buy 4.03 Carat Radiant brown VVS1 Ideal Diamond. IGI Certified. SKU: 807666266. Price: $723.00. In Stock.,,,1,,,1,,,,,,,2367,2367,,white-diamond,,,,,,,,,,,,2317130,https://www.loosegrowndiamond.com/diamond/807666266/,https://www.loosegrowndiamond.com/wp-content/uploads/2021/10/radiant.png,products/2317129/radiant-bbe6f8deda10.png
,simple,700513088,Round Cut 2.34 Carat D Color IF Clarity Lab Grown Diamond,,,,,Buy 2.34 Carat Round gray IF Ideal Diamond. IGI Certified. SKU: 700513088. Price: $424.00. In Stock.,,,1,,,1,,,,,,,1283,1283,,white-diamond,,,,,,,,,,,,2317131,https://www.loosegrowndiamond.com/diamond/700513088/,https://www.loosegrowndiamond.com/wp-content/uploads/2021/10/round.png,products/2317131/round-bbb6e144f022.png
,simple,2537000817,Cushion Cut 3.01 Carat D Color VVS1 Clarity Lab Grown Diamond,,,,,Buy 3.01 Carat Cushion gray VVS1 Ideal Diamond. GIA Certified. SKU: 2537000817. Price: $954.00. In Stock.,,,1,,,1,,,,,,,2797,2797,,white-diamond,,,,,,,,,,,,2317132,https://www.loosegrowndiamond.com/diamond/2537000817/,https://www.loosegrowndiamond.com/wp-content/uploads/2021/10/cushion.png,products/2317132/cushion-1f305250daae.png
,simple,813616153,Pear Cut 2.53 Carat G Color VVS2 Clarity Lab Grown Diamond,,,,,Buy 2.53 Carat Pear orange VVS2 Ideal Diamond. IGI Certified. SKU: 813616153. Price: $200.00. In Stock.,,,1,,,1,,,,,,,706,706,,white-diamond,,,,,,,,,,,,2317133,https://www.loosegrowndiamond.com/diamond/813616153/,https://www.loosegrowndiamond.com/wp-content/uploads/2021/10/pear.png,products/2317133/pear-faeb574d4b0d.png
